405820	6cf34661-a756-4662-8ece-fc08f5d1be36	24	shifted	138	145	VERB	VBN	Tense=Past|VerbForm=Part
405820	6cf34661-a756-4662-8ece-fc08f5d1be36	25	in	146	148	ADP	IN	""
405820	6cf34661-a756-4662-8ece-fc08f5d1be36	26	recent	149	155	ADJ	JJ	Degree=Pos
405820	6cf34661-a756-4662-8ece-fc08f5d1be36	27	years	156	161	NOUN	NNS	Number=Plur
405820	6cf34661-a756-4662-8ece-fc08f5d1be36	28	on	162	164	ADP	IN	""
405820	6cf34661-a756-4662-8ece-fc08f5d1be36	29	criminal	165	173	ADJ	JJ	Degree=Pos
405820	6cf34661-a756-4662-8ece-fc08f5d1be36	30	justice	174	181	NOUN	NN	Number=Sing
405820	6cf34661-a756-4662-8ece-fc08f5d1be36	31	issues	182	188	NOUN	NNS	Number=Plur
405820	6cf34661-a756-4662-8ece-fc08f5d1be36	32	.	188	189	PUNCT	.	""
405820	c240ed5c-effb-4f25-ab85-a96f75bc2887	1	BETO	-1	3	PROPN	NNP	Number=Sing
405820	c240ed5c-effb-4f25-ab85-a96f75bc2887	2	O	4	5	ADP	IN	Abbr=Yes
405820	c240ed5c-effb-4f25-ab85-a96f75bc2887	3	’	5	6	PUNCT	,	""
405820	c240ed5c-effb-4f25-ab85-a96f75bc2887	4	ROURKE	6	12	PROPN	NNP	Number=Sing
405820	3b7e169c-a9ec-47b4-86f6-ced8a7cb1b1e	1	The	-1	2	DET	DT	Definite=Def|PronType=Art
405820	3b7e169c-a9ec-47b4-86f6-ced8a7cb1b1e	2	former	3	9	ADJ	JJ	Degree=Pos
405820	3b7e169c-a9ec-47b4-86f6-ced8a7cb1b1e	3	three	10	15	NUM	CD	NumType=Card
405820	3b7e169c-a9ec-47b4-86f6-ced8a7cb1b1e	4	-	15	16	PUNCT	HYPH	""
405820	3b7e169c-a9ec-47b4-86f6-ced8a7cb1b1e	5	term	16	20	NOUN	NN	Number=Sing
405820	3b7e169c-a9ec-47b4-86f6-ced8a7cb1b1e	6	Texas	21	26	PROPN	NNP	Number=Sing
405820	3b7e169c-a9ec-47b4-86f6-ced8a7cb1b1e	7	congressman	27	38	NOUN	NN	Number=Sing
405820	3b7e169c-a9ec-47b4-86f6-ced8a7cb1b1e	8	jumped	39	45	VERB	VBD	Mood=Ind|Tense=Past|VerbForm=Fin
405820	3b7e169c-a9ec-47b4-86f6-ced8a7cb1b1e	9	into	46	50	ADP	IN	""
405820	3b7e169c-a9ec-47b4-86f6-ced8a7cb1b1e	10	the	51	54	DET	DT	Definite=Def|PronType=Art
405820	3b7e169c-a9ec-47b4-86f6-ced8a7cb1b1e	11	race	55	59	NOUN	NN	Number=Sing
405820	3b7e169c-a9ec-47b4-86f6-ced8a7cb1b1e	12	on	60	62	ADP	IN	""
405820	3b7e169c-a9ec-47b4-86f6-ced8a7cb1b1e	13	March	63	68	PROPN	NNP	Number=Sing
405820	3b7e169c-a9ec-47b4-86f6-ced8a7cb1b1e	14	14	69	71	NUM	CD	NumType=Card
405820	3b7e169c-a9ec-47b4-86f6-ced8a7cb1b1e	15	-	72	73	PUNCT	,	""
405820	3b7e169c-a9ec-47b4-86f6-ced8a7cb1b1e	16	and	74	77	CCONJ	CC	""
405820	3b7e169c-a9ec-47b4-86f6-ced8a7cb1b1e	17	has	78	81	AUX	VBZ	Mood=Ind|Number=Sing|Person=3|Tense=Pres|VerbForm=Fin
405820	3b7e169c-a9ec-47b4-86f6-ced8a7cb1b1e	18	been	82	86	AUX	VBN	Tense=Past|VerbForm=Part
405820	3b7e169c-a9ec-47b4-86f6-ced8a7cb1b1e	19	jumping	87	94	VERB	VBG	Tense=Pres|VerbForm=Part
405820	3b7e169c-a9ec-47b4-86f6-ced8a7cb1b1e	20	on	95	97	ADP	RP	""
405820	3b7e169c-a9ec-47b4-86f6-ced8a7cb1b1e	21	to	98	100	ADP	IN	""
405820	3b7e169c-a9ec-47b4-86f6-ced8a7cb1b1e	22	store	101	106	NOUN	NN	Number=Sing
405820	3b7e169c-a9ec-47b4-86f6-ced8a7cb1b1e	23	countertops	107	118	NOUN	NNS	Number=Plur
405820	3b7e169c-a9ec-47b4-86f6-ced8a7cb1b1e	24	ever	119	123	ADV	RB	""
405820	3b7e169c-a9ec-47b4-86f6-ced8a7cb1b1e	25	since	124	129	SCONJ	IN	""
405820	3b7e169c-a9ec-47b4-86f6-ced8a7cb1b1e	26	to	130	132	PART	TO	""
405820	3b7e169c-a9ec-47b4-86f6-ced8a7cb1b1e	27	deliver	133	140	VERB	VB	VerbForm=Inf
405820	3b7e169c-a9ec-47b4-86f6-ced8a7cb1b1e	28	his	141	144	PRON	PRP$	Gender=Masc|Number=Sing|Person=3|Poss=Yes|PronType=Prs
405820	3b7e169c-a9ec-47b4-86f6-ced8a7cb1b1e	29	optimistic	145	155	ADJ	JJ	Degree=Pos
405820	3b7e169c-a9ec-47b4-86f6-ced8a7cb1b1e	30	message	156	163	NOUN	NN	Number=Sing
405820	3b7e169c-a9ec-47b4-86f6-ced8a7cb1b1e	31	to	164	166	ADP	IN	""
405820	3b7e169c-a9ec-47b4-86f6-ced8a7cb1b1e	32	voters	167	173	NOUN	NNS	Number=Plur
405820	3b7e169c-a9ec-47b4-86f6-ced8a7cb1b1e	33	in	174	176	ADP	IN	""
405820	3b7e169c-a9ec-47b4-86f6-ced8a7cb1b1e	34	early	177	182	ADJ	JJ	Degree=Pos
405820	3b7e169c-a9ec-47b4-86f6-ced8a7cb1b1e	35	primary	183	190	ADJ	JJ	Degree=Pos
405820	3b7e169c-a9ec-47b4-86f6-ced8a7cb1b1e	36	states	191	197	NOUN	NNS	Number=Plur
405820	3b7e169c-a9ec-47b4-86f6-ced8a7cb1b1e	37	.	197	198	PUNCT	.	""
405820	69af19dc-23d2-46c2-8318-1705c09ee5f7	1	O’Rourke	0	8	PROPN	NNP	Number=Sing
405820	69af19dc-23d2-46c2-8318-1705c09ee5f7	2	,	8	9	PUNCT	,	""
405820	69af19dc-23d2-46c2-8318-1705c09ee5f7	3	46	10	12	NUM	CD	NumType=Card
405820	69af19dc-23d2-46c2-8318-1705c09ee5f7	4	,	12	13	PUNCT	,	""
405820	69af19dc-23d2-46c2-8318-1705c09ee5f7	5	gained	14	20	VERB	VBD	Mood=Ind|Tense=Past|VerbForm=Fin
405820	69af19dc-23d2-46c2-8318-1705c09ee5f7	6	fame	21	25	NOUN	NN	Number=Sing
405820	69af19dc-23d2-46c2-8318-1705c09ee5f7	7	last	26	30	ADJ	JJ	Degree=Pos
405820	69af19dc-23d2-46c2-8318-1705c09ee5f7	8	year	31	35	NOUN	NN	Number=Sing
405820	69af19dc-23d2-46c2-8318-1705c09ee5f7	9	for	36	39	ADP	IN	""
405820	69af19dc-23d2-46c2-8318-1705c09ee5f7	10	his	40	43	PRON	PRP$	Gender=Masc|Number=Sing|Person=3|Poss=Yes|PronType=Prs
405820	69af19dc-23d2-46c2-8318-1705c09ee5f7	11	record	44	50	NOUN	NN	Number=Sing
405820	69af19dc-23d2-46c2-8318-1705c09ee5f7	12	fundraising	51	62	NOUN	NN	Number=Sing
405820	69af19dc-23d2-46c2-8318-1705c09ee5f7	13	and	63	66	CCONJ	CC	""
405820	69af19dc-23d2-46c2-8318-1705c09ee5f7	14	ability	67	74	NOUN	NN	Number=Sing
405820	69af19dc-23d2-46c2-8318-1705c09ee5f7	15	to	75	77	PART	TO	""
405820	69af19dc-23d2-46c2-8318-1705c09ee5f7	16	draw	78	82	VERB	VB	VerbForm=Inf
405820	69af19dc-23d2-46c2-8318-1705c09ee5f7	17	crowds	83	89	NOUN	NNS	Number=Plur
405820	69af19dc-23d2-46c2-8318-1705c09ee5f7	18	ahead	90	95	ADP	IN	""
405820	69af19dc-23d2-46c2-8318-1705c09ee5f7	19	of	96	98	ADP	IN	""
405820	69af19dc-23d2-46c2-8318-1705c09ee5f7	20	his	99	102	PRON	PRP$	Gender=Masc|Number=Sing|Person=3|Poss=Yes|PronType=Prs
405820	69af19dc-23d2-46c2-8318-1705c09ee5f7	21	unexpectedly	103	115	ADV	RB	""
405820	69af19dc-23d2-46c2-8318-1705c09ee5f7	22	narrow	116	122	ADJ	JJ	Degree=Pos
405820	69af19dc-23d2-46c2-8318-1705c09ee5f7	23	loss	123	127	NOUN	NN	Number=Sing
405820	69af19dc-23d2-46c2-8318-1705c09ee5f7	24	in	128	130	ADP	IN	""
405820	69af19dc-23d2-46c2-8318-1705c09ee5f7	25	the	131	134	DET	DT	Definite=Def|PronType=Art
405820	69af19dc-23d2-46c2-8318-1705c09ee5f7	26	U.S.	135	139	PROPN	NNP	Number=Sing
405820	69af19dc-23d2-46c2-8318-1705c09ee5f7	27	Senate	140	146	PROPN	NNP	Number=Sing
405820	69af19dc-23d2-46c2-8318-1705c09ee5f7	28	race	147	151	NOUN	NN	Number=Sing
405820	69af19dc-23d2-46c2-8318-1705c09ee5f7	29	against	152	159	ADP	IN	""
405820	69af19dc-23d2-46c2-8318-1705c09ee5f7	30	Republican	160	170	ADJ	JJ	Degree=Pos
405820	69af19dc-23d2-46c2-8318-1705c09ee5f7	31	incumbent	171	180	NOUN	NN	Number=Sing
405820	69af19dc-23d2-46c2-8318-1705c09ee5f7	32	Ted	181	184	PROPN	NNP	Number=Sing
405820	69af19dc-23d2-46c2-8318-1705c09ee5f7	33	Cruz	185	189	PROPN	NNP	Number=Sing
405820	69af19dc-23d2-46c2-8318-1705c09ee5f7	34	.	189	190	PUNCT	.	""
405820	8000c56c-93f4-471d-9e28-cc1e15b6d43f	1	O’Rourke	0	8	PROPN	NNP	Number=Sing
405820	8000c56c-93f4-471d-9e28-cc1e15b6d43f	2	announced	9	18	VERB	VBD	Mood=Ind|Tense=Past|VerbForm=Fin
405820	8000c56c-93f4-471d-9e28-cc1e15b6d43f	3	a	19	20	DET	DT	Definite=Ind|PronType=Art
405820	8000c56c-93f4-471d-9e28-cc1e15b6d43f	4	$	21	22	SYM	$	""
405820	8000c56c-93f4-471d-9e28-cc1e15b6d43f	5	6.1	22	25	NUM	CD	NumType=Card
405820	8000c56c-93f4-471d-9e28-cc1e15b6d43f	6	million	26	33	NUM	CD	NumType=Card
405820	8000c56c-93f4-471d-9e28-cc1e15b6d43f	8	haul	46	50	NOUN	NN	Number=Sing
405820	8000c56c-93f4-471d-9e28-cc1e15b6d43f	9	for	51	54	ADP	IN	""
405820	8000c56c-93f4-471d-9e28-cc1e15b6d43f	10	the	55	58	DET	DT	Definite=Def|PronType=Art
405820	8000c56c-93f4-471d-9e28-cc1e15b6d43f	11	first	59	64	ADJ	JJ	Degree=Pos|NumType=Ord
405820	8000c56c-93f4-471d-9e28-cc1e15b6d43f	12	24	65	67	NUM	CD	NumType=Card
405820	8000c56c-93f4-471d-9e28-cc1e15b6d43f	13	hours	68	73	NOUN	NNS	Number=Plur
405820	8000c56c-93f4-471d-9e28-cc1e15b6d43f	14	of	74	76	ADP	IN	""
405820	8000c56c-93f4-471d-9e28-cc1e15b6d43f	15	his	77	80	PRON	PRP$	Gender=Masc|Number=Sing|Person=3|Poss=Yes|PronType=Prs
405820	8000c56c-93f4-471d-9e28-cc1e15b6d43f	16	campaign	81	89	NOUN	NN	Number=Sing
405820	8000c56c-93f4-471d-9e28-cc1e15b6d43f	17	,	89	90	PUNCT	,	""
405820	8000c56c-93f4-471d-9e28-cc1e15b6d43f	18	besting	91	98	VERB	VBG	VerbForm=Ger
405820	8000c56c-93f4-471d-9e28-cc1e15b6d43f	19	his	99	102	PRON	PRP$	Gender=Masc|Number=Sing|Person=3|Poss=Yes|PronType=Prs
405820	8000c56c-93f4-471d-9e28-cc1e15b6d43f	20	Democratic	103	113	ADJ	JJ	Degree=Pos
405820	8000c56c-93f4-471d-9e28-cc1e15b6d43f	21	opponents	114	123	NOUN	NNS	Number=Plur
405820	8000c56c-93f4-471d-9e28-cc1e15b6d43f	22	.	123	124	PUNCT	.	""
405820	703500c7-cbb8-49b2-8bfc-be0aa54a96fb	1	But	0	3	CCONJ	CC	""
405820	703500c7-cbb8-49b2-8bfc-be0aa54a96fb	2	with	4	8	ADP	IN	""
405820	703500c7-cbb8-49b2-8bfc-be0aa54a96fb	3	progressive	9	20	ADJ	JJ	Degree=Pos
405820	703500c7-cbb8-49b2-8bfc-be0aa54a96fb	4	policies	21	29	NOUN	NNS	Number=Plur
405820	703500c7-cbb8-49b2-8bfc-be0aa54a96fb	5	and	30	33	CCONJ	CC	""
405820	703500c7-cbb8-49b2-8bfc-be0aa54a96fb	6	diversity	34	43	NOUN	NN	Number=Sing
405820	703500c7-cbb8-49b2-8bfc-be0aa54a96fb	7	at	44	46	ADP	IN	""
405820	703500c7-cbb8-49b2-8bfc-be0aa54a96fb	8	the	47	50	DET	DT	Definite=Def|PronType=Art
405820	703500c7-cbb8-49b2-8bfc-be0aa54a96fb	9	forefront	51	60	NOUN	NN	Number=Sing
405820	703500c7-cbb8-49b2-8bfc-be0aa54a96fb	10	of	61	63	ADP	IN	""
405820	703500c7-cbb8-49b2-8bfc-be0aa54a96fb	11	the	64	67	DET	DT	Definite=Def|PronType=Art
405820	703500c7-cbb8-49b2-8bfc-be0aa54a96fb	12	party	68	73	NOUN	NN	Number=Sing
405820	703500c7-cbb8-49b2-8bfc-be0aa54a96fb	13	’s	73	75	PART	POS	""
405820	703500c7-cbb8-49b2-8bfc-be0aa54a96fb	14	nominating	76	86	NOUN	NN	Number=Sing
405820	703500c7-cbb8-49b2-8bfc-be0aa54a96fb	15	battle	87	93	NOUN	NN	Number=Sing
405820	703500c7-cbb8-49b2-8bfc-be0aa54a96fb	16	,	93	94	PUNCT	,	""
405820	703500c7-cbb8-49b2-8bfc-be0aa54a96fb	17	O’Rourke	95	103	PROPN	NNP	Number=Sing
405820	703500c7-cbb8-49b2-8bfc-be0aa54a96fb	18	will	104	108	AUX	MD	VerbForm=Fin
405820	703500c7-cbb8-49b2-8bfc-be0aa54a96fb	19	face	109	113	VERB	VB	VerbForm=Inf
405820	703500c7-cbb8-49b2-8bfc-be0aa54a96fb	20	a	114	115	DET	DT	Definite=Ind|PronType=Art
405820	703500c7-cbb8-49b2-8bfc-be0aa54a96fb	21	challenge	116	125	NOUN	NN	Number=Sing
405820	703500c7-cbb8-49b2-8bfc-be0aa54a96fb	22	as	126	128	ADP	IN	""
405820	703500c7-cbb8-49b2-8bfc-be0aa54a96fb	23	a	129	130	DET	DT	Definite=Ind|PronType=Art
405820	703500c7-cbb8-49b2-8bfc-be0aa54a96fb	24	wealthy	131	138	ADJ	JJ	Degree=Pos
405820	703500c7-cbb8-49b2-8bfc-be0aa54a96fb	25	white	139	144	ADJ	JJ	Degree=Pos
405820	703500c7-cbb8-49b2-8bfc-be0aa54a96fb	26	man	145	148	NOUN	NN	Number=Sing
405820	703500c7-cbb8-49b2-8bfc-be0aa54a96fb	27	who	149	152	PRON	WP	PronType=Rel
405820	703500c7-cbb8-49b2-8bfc-be0aa54a96fb	28	is	153	155	AUX	VBZ	Mood=Ind|Number=Sing|Person=3|Tense=Pres|VerbForm=Fin
405820	703500c7-cbb8-49b2-8bfc-be0aa54a96fb	29	more	156	160	ADV	RBR	""
405820	703500c7-cbb8-49b2-8bfc-be0aa54a96fb	30	moderate	161	169	ADJ	JJ	Degree=Pos
405820	703500c7-cbb8-49b2-8bfc-be0aa54a96fb	31	on	170	172	ADP	IN	""
405820	703500c7-cbb8-49b2-8bfc-be0aa54a96fb	32	several	173	180	ADJ	JJ	Degree=Pos
405820	703500c7-cbb8-49b2-8bfc-be0aa54a96fb	33	key	181	184	ADJ	JJ	Degree=Pos
405820	703500c7-cbb8-49b2-8bfc-be0aa54a96fb	34	issues	185	191	NOUN	NNS	Number=Plur
405820	703500c7-cbb8-49b2-8bfc-be0aa54a96fb	35	than	192	196	ADP	IN	""
405820	703500c7-cbb8-49b2-8bfc-be0aa54a96fb	36	many	197	201	ADJ	JJ	Degree=Pos
405820	703500c7-cbb8-49b2-8bfc-be0aa54a96fb	37	of	202	204	ADP	IN	""
405820	703500c7-cbb8-49b2-8bfc-be0aa54a96fb	38	his	205	208	PRON	PRP$	Gender=Masc|Number=Sing|Person=3|Poss=Yes|PronType=Prs
405820	703500c7-cbb8-49b2-8bfc-be0aa54a96fb	39	competitors	209	220	NOUN	NNS	Number=Plur
405820	703500c7-cbb8-49b2-8bfc-be0aa54a96fb	40	.	220	221	PUNCT	.	""
405820	806e3a0c-ff5b-477b-aad9-c06f8031f739	1	CORY	-1	3	PROPN	NNP	Number=Sing
405820	806e3a0c-ff5b-477b-aad9-c06f8031f739	2	BOOKERBooker	4	16	PROPN	NNP	Number=Sing
405820	806e3a0c-ff5b-477b-aad9-c06f8031f739	3	,	16	17	PUNCT	,	""
405820	806e3a0c-ff5b-477b-aad9-c06f8031f739	4	50	18	20	NUM	CD	NumType=Card
405820	806e3a0c-ff5b-477b-aad9-c06f8031f739	5	,	20	21	PUNCT	,	""
405820	806e3a0c-ff5b-477b-aad9-c06f8031f739	6	a	22	23	DET	DT	Definite=Ind|PronType=Art
405820	806e3a0c-ff5b-477b-aad9-c06f8031f739	7	senator	24	31	NOUN	NN	Number=Sing
405820	806e3a0c-ff5b-477b-aad9-c06f8031f739	8	from	32	36	ADP	IN	""
405820	806e3a0c-ff5b-477b-aad9-c06f8031f739	9	New	37	40	PROPN	NNP	Number=Sing
405820	806e3a0c-ff5b-477b-aad9-c06f8031f739	10	Jersey	41	47	PROPN	NNP	Number=Sing
405820	806e3a0c-ff5b-477b-aad9-c06f8031f739	11	and	48	51	CCONJ	CC	""
405820	806e3a0c-ff5b-477b-aad9-c06f8031f739	12	former	52	58	ADJ	JJ	Degree=Pos
405820	806e3a0c-ff5b-477b-aad9-c06f8031f739	13	mayor	59	64	NOUN	NN	Number=Sing
405820	806e3a0c-ff5b-477b-aad9-c06f8031f739	14	of	65	67	ADP	IN	""
405820	806e3a0c-ff5b-477b-aad9-c06f8031f739	15	Newark	68	74	PROPN	NNP	Number=Sing
405820	806e3a0c-ff5b-477b-aad9-c06f8031f739	16	,	74	75	PUNCT	,	""
405820	806e3a0c-ff5b-477b-aad9-c06f8031f739	17	gained	76	82	VERB	VBD	Mood=Ind|Tense=Past|VerbForm=Fin
405820	806e3a0c-ff5b-477b-aad9-c06f8031f739	18	national	83	91	ADJ	JJ	Degree=Pos
405820	806e3a0c-ff5b-477b-aad9-c06f8031f739	19	prominence	92	102	NOUN	NN	Number=Sing
405820	806e3a0c-ff5b-477b-aad9-c06f8031f739	20	in	103	105	ADP	IN	""
405820	806e3a0c-ff5b-477b-aad9-c06f8031f739	21	the	106	109	DET	DT	Definite=Def|PronType=Art
405820	806e3a0c-ff5b-477b-aad9-c06f8031f739	22	fight	110	115	NOUN	NN	Number=Sing
405820	806e3a0c-ff5b-477b-aad9-c06f8031f739	23	over	116	120	ADP	IN	""
405820	806e3a0c-ff5b-477b-aad9-c06f8031f739	24	Brett	121	126	PROPN	NNP	Number=Sing
405820	806e3a0c-ff5b-477b-aad9-c06f8031f739	25	Kavanaugh	127	136	PROPN	NNP	Number=Sing
405820	806e3a0c-ff5b-477b-aad9-c06f8031f739	26	’s	136	138	PART	POS	""
405820	806e3a0c-ff5b-477b-aad9-c06f8031f739	27	Supreme	139	146	PROPN	NNP	Number=Sing
405820	806e3a0c-ff5b-477b-aad9-c06f8031f739	28	Court	147	152	PROPN	NNP	Number=Sing
405820	806e3a0c-ff5b-477b-aad9-c06f8031f739	29	nomination	153	163	NOUN	NN	Number=Sing
405820	806e3a0c-ff5b-477b-aad9-c06f8031f739	30	.	163	164	PUNCT	.	""
405820	e56c4310-e165-4054-90a7-07718c0f2b7e	1	Booker	0	6	PROPN	NNP	Number=Sing
405820	e56c4310-e165-4054-90a7-07718c0f2b7e	2	,	6	7	PUNCT	,	""
405820	e56c4310-e165-4054-90a7-07718c0f2b7e	3	who	8	11	PRON	WP	PronType=Rel
405820	e56c4310-e165-4054-90a7-07718c0f2b7e	4	is	12	14	AUX	VBZ	Mood=Ind|Number=Sing|Person=3|Tense=Pres|VerbForm=Fin
405820	e56c4310-e165-4054-90a7-07718c0f2b7e	5	black	15	20	ADJ	JJ	Degree=Pos
405820	e56c4310-e165-4054-90a7-07718c0f2b7e	6	,	20	21	PUNCT	,	""
405820	e56c4310-e165-4054-90a7-07718c0f2b7e	7	has	22	25	AUX	VBZ	Mood=Ind|Number=Sing|Person=3|Tense=Pres|VerbForm=Fin
405820	e56c4310-e165-4054-90a7-07718c0f2b7e	8	made	26	30	VERB	VBN	Tense=Past|VerbForm=Part
405820	e56c4310-e165-4054-90a7-07718c0f2b7e	9	U.S.	31	35	PROPN	NNP	Number=Sing
405820	e56c4310-e165-4054-90a7-07718c0f2b7e	10	race	36	40	NOUN	NN	Number=Sing
405820	e56c4310-e165-4054-90a7-07718c0f2b7e	11	relations	41	50	NOUN	NNS	Number=Plur
405820	e56c4310-e165-4054-90a7-07718c0f2b7e	12	and	51	54	CCONJ	CC	""
405820	e56c4310-e165-4054-90a7-07718c0f2b7e	13	racial	55	61	ADJ	JJ	Degree=Pos
405820	e56c4310-e165-4054-90a7-07718c0f2b7e	14	disparities	62	73	NOUN	NNS	Number=Plur
405820	e56c4310-e165-4054-90a7-07718c0f2b7e	15	a	74	75	DET	DT	Definite=Ind|PronType=Art
405820	e56c4310-e165-4054-90a7-07718c0f2b7e	16	focus	76	81	NOUN	NN	Number=Sing
405820	e56c4310-e165-4054-90a7-07718c0f2b7e	17	of	82	84	ADP	IN	""
405820	e56c4310-e165-4054-90a7-07718c0f2b7e	18	his	85	88	PRON	PRP$	Gender=Masc|Number=Sing|Person=3|Poss=Yes|PronType=Prs
405820	e56c4310-e165-4054-90a7-07718c0f2b7e	19	campaign	89	97	NOUN	NN	Number=Sing
405820	e56c4310-e165-4054-90a7-07718c0f2b7e	20	,	97	98	PUNCT	,	""
405820	e56c4310-e165-4054-90a7-07718c0f2b7e	21	noting	99	105	VERB	VBG	VerbForm=Ger
405820	e56c4310-e165-4054-90a7-07718c0f2b7e	22	the	106	109	DET	DT	Definite=Def|PronType=Art
405820	e56c4310-e165-4054-90a7-07718c0f2b7e	23	impact	110	116	NOUN	NN	Number=Sing
405820	e56c4310-e165-4054-90a7-07718c0f2b7e	24	of	117	119	ADP	IN	""
405820	e56c4310-e165-4054-90a7-07718c0f2b7e	25	discrimination	120	134	NOUN	NN	Number=Sing
405820	e56c4310-e165-4054-90a7-07718c0f2b7e	26	on	135	137	ADP	IN	""
405820	e56c4310-e165-4054-90a7-07718c0f2b7e	27	his	138	141	PRON	PRP$	Gender=Masc|Number=Sing|Person=3|Poss=Yes|PronType=Prs
405820	e56c4310-e165-4054-90a7-07718c0f2b7e	28	family	142	148	NOUN	NN	Number=Sing
405820	e56c4310-e165-4054-90a7-07718c0f2b7e	29	.	148	149	PUNCT	.	""
405820	e8f5e9f5-16e0-4347-8bf6-11bdab06e4eb	1	He	0	2	PRON	PRP	Case=Nom|Gender=Masc|Number=Sing|Person=3|PronType=Prs
405820	e8f5e9f5-16e0-4347-8bf6-11bdab06e4eb	2	embraces	3	11	VERB	VBZ	Mood=Ind|Number=Sing|Person=3|Tense=Pres|VerbForm=Fin
405820	e8f5e9f5-16e0-4347-8bf6-11bdab06e4eb	3	progressive	12	23	ADJ	JJ	Degree=Pos
405820	e8f5e9f5-16e0-4347-8bf6-11bdab06e4eb	4	positions	24	33	NOUN	NNS	Number=Plur
405820	e8f5e9f5-16e0-4347-8bf6-11bdab06e4eb	5	on	34	36	ADP	IN	""
405820	e8f5e9f5-16e0-4347-8bf6-11bdab06e4eb	6	Medicare	37	45	PROPN	NNP	Number=Sing
405820	e8f5e9f5-16e0-4347-8bf6-11bdab06e4eb	7	coverage	46	54	NOUN	NN	Number=Sing
405820	e8f5e9f5-16e0-4347-8bf6-11bdab06e4eb	8	for	55	58	ADP	IN	""
405820	e8f5e9f5-16e0-4347-8bf6-11bdab06e4eb	9	every	59	64	DET	DT	""
405820	e8f5e9f5-16e0-4347-8bf6-11bdab06e4eb	10	American	65	73	PROPN	NNP	Number=Sing
405820	e8f5e9f5-16e0-4347-8bf6-11bdab06e4eb	11	,	73	74	PUNCT	,	""
405820	e8f5e9f5-16e0-4347-8bf6-11bdab06e4eb	12	the	75	78	DET	DT	Definite=Def|PronType=Art
405820	e8f5e9f5-16e0-4347-8bf6-11bdab06e4eb	13	Green	79	84	PROPN	NNP	Number=Sing
405820	e8f5e9f5-16e0-4347-8bf6-11bdab06e4eb	14	New	85	88	PROPN	NNP	Number=Sing
405820	e8f5e9f5-16e0-4347-8bf6-11bdab06e4eb	15	Deal	89	93	PROPN	NNP	Number=Sing
405820	e8f5e9f5-16e0-4347-8bf6-11bdab06e4eb	16	and	94	97	CCONJ	CC	""
405820	e8f5e9f5-16e0-4347-8bf6-11bdab06e4eb	17	other	98	103	ADJ	JJ	Degree=Pos
405820	e8f5e9f5-16e0-4347-8bf6-11bdab06e4eb	18	key	104	107	ADJ	JJ	Degree=Pos
405820	e8f5e9f5-16e0-4347-8bf6-11bdab06e4eb	19	issues	108	114	NOUN	NNS	Number=Plur
405820	e8f5e9f5-16e0-4347-8bf6-11bdab06e4eb	20	,	114	115	PUNCT	,	""
405820	e8f5e9f5-16e0-4347-8bf6-11bdab06e4eb	21	and	116	119	CCONJ	CC	""
405820	e8f5e9f5-16e0-4347-8bf6-11bdab06e4eb	22	touts	120	125	VERB	VBZ	Mood=Ind|Number=Sing|Person=3|Tense=Pres|VerbForm=Fin
405820	e8f5e9f5-16e0-4347-8bf6-11bdab06e4eb	23	his	126	129	PRON	PRP$	Gender=Masc|Number=Sing|Person=3|Poss=Yes|PronType=Prs
405820	e8f5e9f5-16e0-4347-8bf6-11bdab06e4eb	24	style	130	135	NOUN	NN	Number=Sing
405820	e8f5e9f5-16e0-4347-8bf6-11bdab06e4eb	25	of	136	138	ADP	IN	""
405820	e8f5e9f5-16e0-4347-8bf6-11bdab06e4eb	26	positivity	139	149	NOUN	NN	Number=Sing
405820	e8f5e9f5-16e0-4347-8bf6-11bdab06e4eb	27	over	150	154	ADP	IN	""
405820	e8f5e9f5-16e0-4347-8bf6-11bdab06e4eb	28	attacks	155	162	NOUN	NNS	Number=Plur
405820	e8f5e9f5-16e0-4347-8bf6-11bdab06e4eb	29	.	162	163	PUNCT	.	""
405820	3515fae9-5d78-4a40-ab42-063f0530a995	1	Booker	0	6	PROPN	NNP	Number=Sing
405820	3515fae9-5d78-4a40-ab42-063f0530a995	2	eats	7	11	VERB	VBZ	Mood=Ind|Number=Sing|Person=3|Tense=Pres|VerbForm=Fin
405820	3515fae9-5d78-4a40-ab42-063f0530a995	3	a	12	13	DET	DT	Definite=Ind|PronType=Art
405820	3515fae9-5d78-4a40-ab42-063f0530a995	4	vegan	14	19	NOUN	NN	Number=Sing
405820	3515fae9-5d78-4a40-ab42-063f0530a995	5	diet	20	24	NOUN	NN	Number=Sing
405820	3515fae9-5d78-4a40-ab42-063f0530a995	6	and	25	28	CCONJ	CC	""
405820	3515fae9-5d78-4a40-ab42-063f0530a995	7	recently	29	37	ADV	RB	""
405820	3515fae9-5d78-4a40-ab42-063f0530a995	8	confirmed	38	47	VERB	VBD	Mood=Ind|Tense=Past|VerbForm=Fin
405820	3515fae9-5d78-4a40-ab42-063f0530a995	9	rumors	48	54	NOUN	NNS	Number=Plur
405820	3515fae9-5d78-4a40-ab42-063f0530a995	10	he	55	57	PRON	PRP	Case=Nom|Gender=Masc|Number=Sing|Person=3|PronType=Prs
405820	3515fae9-5d78-4a40-ab42-063f0530a995	11	is	58	60	AUX	VBZ	Mood=Ind|Number=Sing|Person=3|Tense=Pres|VerbForm=Fin
405820	3515fae9-5d78-4a40-ab42-063f0530a995	12	dating	61	67	VERB	VBG	Tense=Pres|VerbForm=Part
405820	3515fae9-5d78-4a40-ab42-063f0530a995	13	actress	68	75	NOUN	NN	Number=Sing
405820	3515fae9-5d78-4a40-ab42-063f0530a995	14	Rosario	76	83	PROPN	NNP	Number=Sing
405820	3515fae9-5d78-4a40-ab42-063f0530a995	15	Dawson	84	90	PROPN	NNP	Number=Sing
405820	3515fae9-5d78-4a40-ab42-063f0530a995	16	.	90	91	PUNCT	.	""
405820	7250fab1-233e-4bbd-a96c-1b4a645adf9a	1	AMY	-1	2	PROPN	NNP	Number=Sing
405820	7250fab1-233e-4bbd-a96c-1b4a645adf9a	2	KLOBUCHAR	3	12	PROPN	NNP	Number=Sing
405820	9bdd2bcf-2094-4ab2-bd75-61154f9d31f0	1	The	-1	2	DET	DT	Definite=Def|PronType=Art
405820	9bdd2bcf-2094-4ab2-bd75-61154f9d31f0	2	third	3	8	ADJ	JJ	Degree=Pos|NumType=Ord
405820	9bdd2bcf-2094-4ab2-bd75-61154f9d31f0	3	-	8	9	PUNCT	HYPH	""
405820	9bdd2bcf-2094-4ab2-bd75-61154f9d31f0	4	term	9	13	NOUN	NN	Number=Sing
405820	9bdd2bcf-2094-4ab2-bd75-61154f9d31f0	5	senator	14	21	NOUN	NN	Number=Sing
405820	9bdd2bcf-2094-4ab2-bd75-61154f9d31f0	6	from	22	26	ADP	IN	""
405820	9bdd2bcf-2094-4ab2-bd75-61154f9d31f0	7	Minnesota	27	36	PROPN	NNP	Number=Sing
405820	9bdd2bcf-2094-4ab2-bd75-61154f9d31f0	8	was	37	40	AUX	VBD	Mood=Ind|Number=Sing|Person=3|Tense=Past|VerbForm=Fin
405820	9bdd2bcf-2094-4ab2-bd75-61154f9d31f0	9	the	41	44	DET	DT	Definite=Def|PronType=Art
405820	9bdd2bcf-2094-4ab2-bd75-61154f9d31f0	10	first	45	50	ADV	RBS	""
405820	9bdd2bcf-2094-4ab2-bd75-61154f9d31f0	11	moderate	51	59	ADJ	JJ	Degree=Pos
405820	9bdd2bcf-2094-4ab2-bd75-61154f9d31f0	12	in	60	62	ADP	IN	""
405820	9bdd2bcf-2094-4ab2-bd75-61154f9d31f0	13	the	63	66	DET	DT	Definite=Def|PronType=Art
405820	9bdd2bcf-2094-4ab2-bd75-61154f9d31f0	14	Democratic	67	77	ADJ	JJ	Degree=Pos
405820	9bdd2bcf-2094-4ab2-bd75-61154f9d31f0	15	field	78	83	NOUN	NN	Number=Sing
405820	9bdd2bcf-2094-4ab2-bd75-61154f9d31f0	16	vying	84	89	VERB	VBG	VerbForm=Ger
405820	9bdd2bcf-2094-4ab2-bd75-61154f9d31f0	17	to	90	92	PART	TO	""
405820	9bdd2bcf-2094-4ab2-bd75-61154f9d31f0	18	challenge	93	102	VERB	VB	VerbForm=Inf
405820	9bdd2bcf-2094-4ab2-bd75-61154f9d31f0	19	Trump	103	108	PROPN	NNP	Number=Sing
405820	9bdd2bcf-2094-4ab2-bd75-61154f9d31f0	20	.	108	109	PUNCT	.	""
405820	e93fb8c3-d5fa-4d8c-a6cd-05eec5d4fa0a	1	Klobuchar	0	9	PROPN	NNP	Number=Sing
405820	e93fb8c3-d5fa-4d8c-a6cd-05eec5d4fa0a	2	,	9	10	PUNCT	,	""
405820	e93fb8c3-d5fa-4d8c-a6cd-05eec5d4fa0a	3	58	11	13	NUM	CD	NumType=Card
405820	e93fb8c3-d5fa-4d8c-a6cd-05eec5d4fa0a	4	,	13	14	PUNCT	,	""
405820	e93fb8c3-d5fa-4d8c-a6cd-05eec5d4fa0a	5	gained	15	21	VERB	VBD	Mood=Ind|Tense=Past|VerbForm=Fin
405820	e93fb8c3-d5fa-4d8c-a6cd-05eec5d4fa0a	6	national	22	30	ADJ	JJ	Degree=Pos
405820	e93fb8c3-d5fa-4d8c-a6cd-05eec5d4fa0a	7	attention	31	40	NOUN	NN	Number=Sing
405820	e93fb8c3-d5fa-4d8c-a6cd-05eec5d4fa0a	8	in	41	43	ADP	IN	""
405820	e93fb8c3-d5fa-4d8c-a6cd-05eec5d4fa0a	9	2018	44	48	NUM	CD	NumType=Card
405820	e93fb8c3-d5fa-4d8c-a6cd-05eec5d4fa0a	10	when	49	53	ADV	WRB	PronType=Int
405820	e93fb8c3-d5fa-4d8c-a6cd-05eec5d4fa0a	11	she	54	57	PRON	PRP	Case=Nom|Gender=Fem|Number=Sing|Person=3|PronType=Prs
405820	e93fb8c3-d5fa-4d8c-a6cd-05eec5d4fa0a	12	sparred	58	65	VERB	VBD	Mood=Ind|Tense=Past|VerbForm=Fin
405820	e93fb8c3-d5fa-4d8c-a6cd-05eec5d4fa0a	13	with	66	70	ADP	IN	""
405820	e93fb8c3-d5fa-4d8c-a6cd-05eec5d4fa0a	14	Brett	71	76	PROPN	NNP	Number=Sing
405820	e93fb8c3-d5fa-4d8c-a6cd-05eec5d4fa0a	15	Kavanaugh	77	86	PROPN	NNP	Number=Sing
405820	e93fb8c3-d5fa-4d8c-a6cd-05eec5d4fa0a	16	during	87	93	ADP	IN	""
405820	e93fb8c3-d5fa-4d8c-a6cd-05eec5d4fa0a	17	Senate	94	100	PROPN	NNP	Number=Sing
405820	e93fb8c3-d5fa-4d8c-a6cd-05eec5d4fa0a	18	hearings	101	109	NOUN	NNS	Number=Plur
405820	e93fb8c3-d5fa-4d8c-a6cd-05eec5d4fa0a	19	for	110	113	ADP	IN	""
405820	e93fb8c3-d5fa-4d8c-a6cd-05eec5d4fa0a	20	his	114	117	PRON	PRP$	Gender=Masc|Number=Sing|Person=3|Poss=Yes|PronType=Prs
405820	e93fb8c3-d5fa-4d8c-a6cd-05eec5d4fa0a	21	Supreme	118	125	PROPN	NNP	Number=Sing
405820	e93fb8c3-d5fa-4d8c-a6cd-05eec5d4fa0a	22	Court	126	131	PROPN	NNP	Number=Sing
405820	e93fb8c3-d5fa-4d8c-a6cd-05eec5d4fa0a	23	nomination	132	142	NOUN	NN	Number=Sing
405820	e93fb8c3-d5fa-4d8c-a6cd-05eec5d4fa0a	24	.	142	143	PUNCT	.	""
405820	328e5652-4d81-4380-b307-1beee457acf6	1	On	0	2	ADP	IN	""
405820	328e5652-4d81-4380-b307-1beee457acf6	2	the	3	6	DET	DT	Definite=Def|PronType=Art
405820	328e5652-4d81-4380-b307-1beee457acf6	3	campaign	7	15	NOUN	NN	Number=Sing
405820	328e5652-4d81-4380-b307-1beee457acf6	4	trail	16	21	NOUN	NN	Number=Sing
405820	328e5652-4d81-4380-b307-1beee457acf6	5	,	21	22	PUNCT	,	""
405820	328e5652-4d81-4380-b307-1beee457acf6	6	the	23	26	DET	DT	Definite=Def|PronType=Art
405820	328e5652-4d81-4380-b307-1beee457acf6	7	former	27	33	ADJ	JJ	Degree=Pos
405820	328e5652-4d81-4380-b307-1beee457acf6	8	prosecutor	34	44	NOUN	NN	Number=Sing
405820	328e5652-4d81-4380-b307-1beee457acf6	9	and	45	48	CCONJ	CC	""
405820	328e5652-4d81-4380-b307-1beee457acf6	10	corporate	49	58	ADJ	JJ	Degree=Pos
405820	328e5652-4d81-4380-b307-1beee457acf6	11	attorney	59	67	NOUN	NN	Number=Sing
405820	328e5652-4d81-4380-b307-1beee457acf6	12	supports	68	76	VERB	VBZ	Mood=Ind|Number=Sing|Person=3|Tense=Pres|VerbForm=Fin
405820	328e5652-4d81-4380-b307-1beee457acf6	13	an	77	79	DET	DT	Definite=Ind|PronType=Art
405820	328e5652-4d81-4380-b307-1beee457acf6	14	alternative	80	91	NOUN	NN	Number=Sing
405820	328e5652-4d81-4380-b307-1beee457acf6	15	to	92	94	ADP	IN	""
405820	328e5652-4d81-4380-b307-1beee457acf6	16	traditional	95	106	ADJ	JJ	Degree=Pos
405820	328e5652-4d81-4380-b307-1beee457acf6	17	Medicare	107	115	PROPN	NNP	Number=Sing
405820	328e5652-4d81-4380-b307-1beee457acf6	18	healthcare	116	126	NOUN	NN	Number=Sing
405820	328e5652-4d81-4380-b307-1beee457acf6	19	funding	127	134	NOUN	NN	Number=Sing
405820	328e5652-4d81-4380-b307-1beee457acf6	20	and	135	138	CCONJ	CC	""
405820	328e5652-4d81-4380-b307-1beee457acf6	21	is	139	141	AUX	VBZ	Mood=Ind|Number=Sing|Person=3|Tense=Pres|VerbForm=Fin
405820	328e5652-4d81-4380-b307-1beee457acf6	22	taking	142	148	VERB	VBG	Tense=Pres|VerbForm=Part
405820	328e5652-4d81-4380-b307-1beee457acf6	23	a	149	150	DET	DT	Definite=Ind|PronType=Art
405820	328e5652-4d81-4380-b307-1beee457acf6	24	hard	151	155	ADJ	JJ	Degree=Pos
405820	328e5652-4d81-4380-b307-1beee457acf6	25	stance	156	162	NOUN	NN	Number=Sing
405820	328e5652-4d81-4380-b307-1beee457acf6	26	against	163	170	ADP	IN	""
405820	328e5652-4d81-4380-b307-1beee457acf6	27	rising	171	177	VERB	VBG	VerbForm=Ger
405820	328e5652-4d81-4380-b307-1beee457acf6	28	prescription	178	190	NOUN	NN	Number=Sing
405820	328e5652-4d81-4380-b307-1beee457acf6	29	drug	191	195	NOUN	NN	Number=Sing
405820	328e5652-4d81-4380-b307-1beee457acf6	30	prices	196	202	NOUN	NNS	Number=Plur
405820	328e5652-4d81-4380-b307-1beee457acf6	31	.	202	203	PUNCT	.	""
405820	b47ea52a-8850-4ae5-97c9-69c9ac24c99b	1	Klobuchar	0	9	PROPN	NNP	Number=Sing
405820	b47ea52a-8850-4ae5-97c9-69c9ac24c99b	2	’s	9	11	PART	POS	""
405820	b47ea52a-8850-4ae5-97c9-69c9ac24c99b	3	campaign	12	20	NOUN	NN	Number=Sing
405820	b47ea52a-8850-4ae5-97c9-69c9ac24c99b	4	reported	21	29	VERB	VBD	Mood=Ind|Tense=Past|VerbForm=Fin
405820	b47ea52a-8850-4ae5-97c9-69c9ac24c99b	5	raising	30	37	VERB	VBG	VerbForm=Ger
405820	b47ea52a-8850-4ae5-97c9-69c9ac24c99b	6	more	38	42	ADJ	JJR	Degree=Cmp
405820	b47ea52a-8850-4ae5-97c9-69c9ac24c99b	7	than	43	47	ADP	IN	""
405820	b47ea52a-8850-4ae5-97c9-69c9ac24c99b	8	$	48	49	SYM	$	""
405820	b47ea52a-8850-4ae5-97c9-69c9ac24c99b	9	1	49	50	NUM	CD	NumType=Card
405820	b47ea52a-8850-4ae5-97c9-69c9ac24c99b	10	million	51	58	NUM	CD	NumType=Card
405820	b47ea52a-8850-4ae5-97c9-69c9ac24c99b	11	in	59	61	ADP	IN	""
405820	b47ea52a-8850-4ae5-97c9-69c9ac24c99b	12	its	62	65	PRON	PRP$	Gender=Neut|Number=Sing|Person=3|Poss=Yes|PronType=Prs
405820	b47ea52a-8850-4ae5-97c9-69c9ac24c99b	13	first	66	71	ADJ	JJ	Degree=Pos|NumType=Ord
405820	b47ea52a-8850-4ae5-97c9-69c9ac24c99b	14	48	72	74	NUM	CD	NumType=Card
405820	b47ea52a-8850-4ae5-97c9-69c9ac24c99b	15	hours	75	80	NOUN	NNS	Number=Plur
405820	b47ea52a-8850-4ae5-97c9-69c9ac24c99b	16	.	80	81	PUNCT	.	""
405820	cb44563b-c40e-4b13-a8b1-e01d57c57975	1	Her	0	3	PRON	PRP$	Gender=Fem|Number=Sing|Person=3|Poss=Yes|PronType=Prs
405820	cb44563b-c40e-4b13-a8b1-e01d57c57975	2	campaign	4	12	NOUN	NN	Number=Sing
405820	cb44563b-c40e-4b13-a8b1-e01d57c57975	3	announcement	13	25	NOUN	NN	Number=Sing
405820	cb44563b-c40e-4b13-a8b1-e01d57c57975	4	came	26	30	VERB	VBD	Mood=Ind|Tense=Past|VerbForm=Fin
405820	cb44563b-c40e-4b13-a8b1-e01d57c57975	5	amid	31	35	ADP	IN	""
405820	cb44563b-c40e-4b13-a8b1-e01d57c57975	6	news	36	40	NOUN	NN	Number=Sing
405820	cb44563b-c40e-4b13-a8b1-e01d57c57975	7	reports	41	48	NOUN	NNS	Number=Plur
405820	cb44563b-c40e-4b13-a8b1-e01d57c57975	8	that	49	53	SCONJ	IN	""
405820	cb44563b-c40e-4b13-a8b1-e01d57c57975	9	staff	54	59	NOUN	NN	Number=Sing
405820	cb44563b-c40e-4b13-a8b1-e01d57c57975	10	in	60	62	ADP	IN	""
405820	cb44563b-c40e-4b13-a8b1-e01d57c57975	11	her	63	66	PRON	PRP$	Gender=Fem|Number=Sing|Person=3|Poss=Yes|PronType=Prs
405820	cb44563b-c40e-4b13-a8b1-e01d57c57975	12	Senate	67	73	PROPN	NNP	Number=Sing
405820	cb44563b-c40e-4b13-a8b1-e01d57c57975	13	office	74	80	NOUN	NN	Number=Sing
405820	cb44563b-c40e-4b13-a8b1-e01d57c57975	14	were	81	85	AUX	VBD	Mood=Ind|Tense=Past|VerbForm=Fin
405820	cb44563b-c40e-4b13-a8b1-e01d57c57975	15	asked	86	91	VERB	VBN	Tense=Past|VerbForm=Part|Voice=Pass
405820	cb44563b-c40e-4b13-a8b1-e01d57c57975	16	to	92	94	PART	TO	""
405820	cb44563b-c40e-4b13-a8b1-e01d57c57975	17	do	95	97	VERB	VB	VerbForm=Inf
405820	cb44563b-c40e-4b13-a8b1-e01d57c57975	18	menial	98	104	ADJ	JJ	Degree=Pos
405820	cb44563b-c40e-4b13-a8b1-e01d57c57975	19	tasks	105	110	NOUN	NNS	Number=Plur
405820	cb44563b-c40e-4b13-a8b1-e01d57c57975	20	,	110	111	PUNCT	,	""
405820	cb44563b-c40e-4b13-a8b1-e01d57c57975	21	making	112	118	VERB	VBG	VerbForm=Ger
405820	cb44563b-c40e-4b13-a8b1-e01d57c57975	22	it	119	121	PRON	PRP	Case=Acc|Gender=Neut|Number=Sing|Person=3|PronType=Prs
405820	cb44563b-c40e-4b13-a8b1-e01d57c57975	23	difficult	122	131	ADJ	JJ	Degree=Pos
405820	cb44563b-c40e-4b13-a8b1-e01d57c57975	24	to	132	134	PART	TO	""
405820	cb44563b-c40e-4b13-a8b1-e01d57c57975	25	hire	135	139	VERB	VB	VerbForm=Inf
405820	cb44563b-c40e-4b13-a8b1-e01d57c57975	26	high	140	144	ADJ	JJ	Degree=Pos
405820	cb44563b-c40e-4b13-a8b1-e01d57c57975	27	-	144	145	PUNCT	HYPH	""
405820	cb44563b-c40e-4b13-a8b1-e01d57c57975	28	level	145	150	NOUN	NN	Number=Sing
405820	cb44563b-c40e-4b13-a8b1-e01d57c57975	29	campaign	151	159	NOUN	NN	Number=Sing
405820	cb44563b-c40e-4b13-a8b1-e01d57c57975	30	strategists	160	171	NOUN	NNS	Number=Plur
405820	cb44563b-c40e-4b13-a8b1-e01d57c57975	31	.	171	172	PUNCT	.	""
405820	bce0688b-488b-47d8-9e9b-6cf7dc112d9c	1	ANDREW	-1	5	PROPN	NNP	Number=Sing
405820	bce0688b-488b-47d8-9e9b-6cf7dc112d9c	2	YANG	6	10	PROPN	NNP	Number=Sing
405820	f883da3a-f872-4864-af5d-4d9ae9eebb5e	1	The	-1	2	DET	DT	Definite=Def|PronType=Art
405820	f883da3a-f872-4864-af5d-4d9ae9eebb5e	2	entrepreneur	3	15	NOUN	NN	Number=Sing
405820	f883da3a-f872-4864-af5d-4d9ae9eebb5e	3	and	16	19	CCONJ	CC	""
405820	f883da3a-f872-4864-af5d-4d9ae9eebb5e	4	former	20	26	ADJ	JJ	Degree=Pos
405820	f883da3a-f872-4864-af5d-4d9ae9eebb5e	5	tech	27	31	NOUN	NN	Number=Sing
405820	f883da3a-f872-4864-af5d-4d9ae9eebb5e	6	executive	32	41	NOUN	NN	Number=Sing
405820	f883da3a-f872-4864-af5d-4d9ae9eebb5e	7	is	42	44	AUX	VBZ	Mood=Ind|Number=Sing|Person=3|Tense=Pres|VerbForm=Fin
405820	f883da3a-f872-4864-af5d-4d9ae9eebb5e	8	focusing	45	53	VERB	VBG	Tense=Pres|VerbForm=Part
405820	f883da3a-f872-4864-af5d-4d9ae9eebb5e	9	his	54	57	PRON	PRP$	Gender=Masc|Number=Sing|Person=3|Poss=Yes|PronType=Prs
405820	f883da3a-f872-4864-af5d-4d9ae9eebb5e	10	campaign	58	66	NOUN	NN	Number=Sing
405820	f883da3a-f872-4864-af5d-4d9ae9eebb5e	11	on	67	69	ADP	IN	""
405820	f883da3a-f872-4864-af5d-4d9ae9eebb5e	12	an	70	72	DET	DT	Definite=Ind|PronType=Art
405820	f883da3a-f872-4864-af5d-4d9ae9eebb5e	13	ambitious	73	82	ADJ	JJ	Degree=Pos
405820	f883da3a-f872-4864-af5d-4d9ae9eebb5e	14	universal	83	92	ADJ	JJ	Degree=Pos
405820	f883da3a-f872-4864-af5d-4d9ae9eebb5e	15	income	93	99	NOUN	NN	Number=Sing
405820	f883da3a-f872-4864-af5d-4d9ae9eebb5e	16	plan	100	104	NOUN	NN	Number=Sing
405820	f883da3a-f872-4864-af5d-4d9ae9eebb5e	17	.	104	105	PUNCT	.	""
405820	1b724b88-733c-43da-b3be-446c4ec0cb0e	1	Yang	0	4	PROPN	NNP	Number=Sing
405820	1b724b88-733c-43da-b3be-446c4ec0cb0e	2	,	4	5	PUNCT	,	""
405820	1b724b88-733c-43da-b3be-446c4ec0cb0e	3	44	6	8	NUM	CD	NumType=Card
405820	1b724b88-733c-43da-b3be-446c4ec0cb0e	4	,	8	9	PUNCT	,	""
405820	1b724b88-733c-43da-b3be-446c4ec0cb0e	5	wants	10	15	VERB	VBZ	Mood=Ind|Number=Sing|Person=3|Tense=Pres|VerbForm=Fin
405820	1b724b88-733c-43da-b3be-446c4ec0cb0e	6	to	16	18	PART	TO	""
405820	1b724b88-733c-43da-b3be-446c4ec0cb0e	7	guarantee	19	28	VERB	VB	VerbForm=Inf
405820	1b724b88-733c-43da-b3be-446c4ec0cb0e	8	all	29	32	DET	DT	""
405820	1b724b88-733c-43da-b3be-446c4ec0cb0e	9	Americans	33	42	PROPN	NNPS	Number=Plur
405820	1b724b88-733c-43da-b3be-446c4ec0cb0e	10	between	43	50	ADP	IN	""
405820	1b724b88-733c-43da-b3be-446c4ec0cb0e	11	the	51	54	DET	DT	Definite=Def|PronType=Art
405820	1b724b88-733c-43da-b3be-446c4ec0cb0e	12	ages	55	59	NOUN	NNS	Number=Plur
405820	1b724b88-733c-43da-b3be-446c4ec0cb0e	13	of	60	62	ADP	IN	""
405820	1b724b88-733c-43da-b3be-446c4ec0cb0e	14	18	63	65	NUM	CD	NumType=Card
405820	1b724b88-733c-43da-b3be-446c4ec0cb0e	15	and	66	69	CCONJ	CC	""
405820	1b724b88-733c-43da-b3be-446c4ec0cb0e	16	64	70	72	NUM	CD	NumType=Card
405820	1b724b88-733c-43da-b3be-446c4ec0cb0e	17	a	73	74	DET	DT	Definite=Ind|PronType=Art
405820	1b724b88-733c-43da-b3be-446c4ec0cb0e	18	$	75	76	SYM	$	""
405820	1b724b88-733c-43da-b3be-446c4ec0cb0e	19	1,000	76	81	NUM	CD	NumType=Card
405820	1b724b88-733c-43da-b3be-446c4ec0cb0e	20	check	82	87	NOUN	NN	Number=Sing
405820	1b724b88-733c-43da-b3be-446c4ec0cb0e	21	every	88	93	DET	DT	""
405820	1b724b88-733c-43da-b3be-446c4ec0cb0e	22	month	94	99	NOUN	NN	Number=Sing
405820	1b724b88-733c-43da-b3be-446c4ec0cb0e	23	.	99	100	PUNCT	.	""
405820	47ca6314-62bd-4e89-b296-b688828ae551	1	The	0	3	DET	DT	Definite=Def|PronType=Art
405820	47ca6314-62bd-4e89-b296-b688828ae551	2	son	4	7	NOUN	NN	Number=Sing
405820	47ca6314-62bd-4e89-b296-b688828ae551	3	of	8	10	ADP	IN	""
405820	47ca6314-62bd-4e89-b296-b688828ae551	4	immigrants	11	21	NOUN	NNS	Number=Plur
405820	47ca6314-62bd-4e89-b296-b688828ae551	5	from	22	26	ADP	IN	""
405820	47ca6314-62bd-4e89-b296-b688828ae551	6	Taiwan	27	33	PROPN	NNP	Number=Sing
405820	47ca6314-62bd-4e89-b296-b688828ae551	7	,	33	34	PUNCT	,	""
405820	47ca6314-62bd-4e89-b296-b688828ae551	8	Yang	35	39	PROPN	NNP	Number=Sing
405820	47ca6314-62bd-4e89-b296-b688828ae551	9	also	40	44	ADV	RB	""
405820	47ca6314-62bd-4e89-b296-b688828ae551	10	is	45	47	AUX	VBZ	Mood=Ind|Number=Sing|Person=3|Tense=Pres|VerbForm=Fin
405820	47ca6314-62bd-4e89-b296-b688828ae551	11	pushing	48	55	VERB	VBG	Tense=Pres|VerbForm=Part
405820	47ca6314-62bd-4e89-b296-b688828ae551	12	for	56	59	ADP	IN	""
405820	47ca6314-62bd-4e89-b296-b688828ae551	13	Medicare	60	68	PROPN	NNP	Number=Sing
405820	47ca6314-62bd-4e89-b296-b688828ae551	14	for	69	72	ADP	IN	""
405820	47ca6314-62bd-4e89-b296-b688828ae551	15	All	73	76	DET	DT	""
405820	47ca6314-62bd-4e89-b296-b688828ae551	16	and	77	80	CCONJ	CC	""
405820	47ca6314-62bd-4e89-b296-b688828ae551	17	proposing	81	90	VERB	VBG	VerbForm=Ger
405820	47ca6314-62bd-4e89-b296-b688828ae551	18	a	91	92	DET	DT	Definite=Ind|PronType=Art
405820	47ca6314-62bd-4e89-b296-b688828ae551	19	new	93	96	ADJ	JJ	Degree=Pos
405820	47ca6314-62bd-4e89-b296-b688828ae551	20	form	97	101	NOUN	NN	Number=Sing
405820	47ca6314-62bd-4e89-b296-b688828ae551	21	of	102	104	ADP	IN	""
405820	47ca6314-62bd-4e89-b296-b688828ae551	22	capitalism	105	115	NOUN	NN	Number=Sing
405820	47ca6314-62bd-4e89-b296-b688828ae551	23	that	116	120	PRON	WDT	PronType=Rel
405820	47ca6314-62bd-4e89-b296-b688828ae551	24	is	121	123	AUX	VBZ	Mood=Ind|Number=Sing|Person=3|Tense=Pres|VerbForm=Fin
405820	47ca6314-62bd-4e89-b296-b688828ae551	25	“	124	125	PUNCT	``	""
405820	47ca6314-62bd-4e89-b296-b688828ae551	26	human	125	130	ADJ	JJ	Degree=Pos
405820	47ca6314-62bd-4e89-b296-b688828ae551	27	-	130	131	PUNCT	HYPH	""
405820	47ca6314-62bd-4e89-b296-b688828ae551	28	centered	131	139	VERB	VBN	Tense=Past|VerbForm=Part|Voice=Pass
405820	47ca6314-62bd-4e89-b296-b688828ae551	29	.	139	140	PUNCT	.	""
405820	47ca6314-62bd-4e89-b296-b688828ae551	30	”	140	141	PUNCT	''	""
405820	de5195ae-31fa-4a61-a06d-6bed7a47363a	1	He	0	2	PRON	PRP	Case=Nom|Gender=Masc|Number=Sing|Person=3|PronType=Prs
405820	de5195ae-31fa-4a61-a06d-6bed7a47363a	2	lives	3	8	VERB	VBZ	Mood=Ind|Number=Sing|Person=3|Tense=Pres|VerbForm=Fin
405820	de5195ae-31fa-4a61-a06d-6bed7a47363a	3	in	9	11	ADP	IN	""
405820	de5195ae-31fa-4a61-a06d-6bed7a47363a	4	New	12	15	PROPN	NNP	Number=Sing
405820	de5195ae-31fa-4a61-a06d-6bed7a47363a	5	York	16	20	PROPN	NNP	Number=Sing
405820	de5195ae-31fa-4a61-a06d-6bed7a47363a	6	.	20	21	PUNCT	.	""
405820	a5cc3470-02ff-45e0-aaf4-f756689287d6	1	JULIAN	-1	5	PROPN	NNP	Number=Sing
405820	a5cc3470-02ff-45e0-aaf4-f756689287d6	2	CASTRO	6	12	PROPN	NNP	Number=Sing
405820	0c8d2931-d401-4a84-aeba-762273bdbff7	1	The	-1	2	DET	DT	Definite=Def|PronType=Art
405820	0c8d2931-d401-4a84-aeba-762273bdbff7	2	secretary	3	12	NOUN	NN	Number=Sing
405820	0c8d2931-d401-4a84-aeba-762273bdbff7	3	of	13	15	ADP	IN	""
405820	0c8d2931-d401-4a84-aeba-762273bdbff7	4	housing	16	23	NOUN	NN	Number=Sing
405820	0c8d2931-d401-4a84-aeba-762273bdbff7	5	and	24	27	CCONJ	CC	""
405820	0c8d2931-d401-4a84-aeba-762273bdbff7	6	urban	28	33	ADJ	JJ	Degree=Pos
405820	0c8d2931-d401-4a84-aeba-762273bdbff7	7	development	34	45	NOUN	NN	Number=Sing
405820	0c8d2931-d401-4a84-aeba-762273bdbff7	8	under	46	51	ADP	IN	""
405820	0c8d2931-d401-4a84-aeba-762273bdbff7	9	President	52	61	PROPN	NNP	Number=Sing
405820	0c8d2931-d401-4a84-aeba-762273bdbff7	10	Barack	62	68	PROPN	NNP	Number=Sing
405820	0c8d2931-d401-4a84-aeba-762273bdbff7	11	Obama	69	74	PROPN	NNP	Number=Sing
405820	0c8d2931-d401-4a84-aeba-762273bdbff7	12	would	75	80	AUX	MD	VerbForm=Fin
405820	0c8d2931-d401-4a84-aeba-762273bdbff7	13	be	81	83	AUX	VB	VerbForm=Inf
405820	0c8d2931-d401-4a84-aeba-762273bdbff7	14	the	84	87	DET	DT	Definite=Def|PronType=Art
405820	0c8d2931-d401-4a84-aeba-762273bdbff7	15	first	88	93	ADJ	JJ	Degree=Pos|NumType=Ord
405820	0c8d2931-d401-4a84-aeba-762273bdbff7	16	Hispanic	94	102	ADJ	JJ	Degree=Pos
405820	0c8d2931-d401-4a84-aeba-762273bdbff7	17	to	103	105	PART	TO	""
405820	0c8d2931-d401-4a84-aeba-762273bdbff7	18	win	106	109	VERB	VB	VerbForm=Inf
405820	0c8d2931-d401-4a84-aeba-762273bdbff7	19	a	110	111	DET	DT	Definite=Ind|PronType=Art
405820	0c8d2931-d401-4a84-aeba-762273bdbff7	20	major	112	117	ADJ	JJ	Degree=Pos
405820	0c8d2931-d401-4a84-aeba-762273bdbff7	21	U.S.	118	122	PROPN	NNP	Number=Sing
405820	0c8d2931-d401-4a84-aeba-762273bdbff7	22	party	123	128	NOUN	NN	Number=Sing
405820	0c8d2931-d401-4a84-aeba-762273bdbff7	23	’s	128	130	PART	POS	""
405820	0c8d2931-d401-4a84-aeba-762273bdbff7	24	presidential	131	143	ADJ	JJ	Degree=Pos
405820	0c8d2931-d401-4a84-aeba-762273bdbff7	25	nomination	144	154	NOUN	NN	Number=Sing
405820	0c8d2931-d401-4a84-aeba-762273bdbff7	26	.	154	155	PUNCT	.	""
405820	4d2da873-4c35-4f74-8103-5ccc772a1b7e	1	Castro	0	6	PROPN	NNP	Number=Sing
405820	4d2da873-4c35-4f74-8103-5ccc772a1b7e	2	,	6	7	PUNCT	,	""
405820	4d2da873-4c35-4f74-8103-5ccc772a1b7e	3	44	8	10	NUM	CD	NumType=Card
405820	4d2da873-4c35-4f74-8103-5ccc772a1b7e	4	,	10	11	PUNCT	,	""
405820	4d2da873-4c35-4f74-8103-5ccc772a1b7e	5	whose	12	17	PRON	WP$	Poss=Yes|PronType=Int
405820	4d2da873-4c35-4f74-8103-5ccc772a1b7e	6	grandmother	18	29	NOUN	NN	Number=Sing
405820	4d2da873-4c35-4f74-8103-5ccc772a1b7e	7	immigrated	30	40	VERB	VBD	Mood=Ind|Tense=Past|VerbForm=Fin
405820	4d2da873-4c35-4f74-8103-5ccc772a1b7e	8	to	41	43	ADP	IN	""
405820	4d2da873-4c35-4f74-8103-5ccc772a1b7e	9	Texas	44	49	PROPN	NNP	Number=Sing
405820	4d2da873-4c35-4f74-8103-5ccc772a1b7e	10	from	50	54	ADP	IN	""
405820	4d2da873-4c35-4f74-8103-5ccc772a1b7e	11	Mexico	55	61	PROPN	NNP	Number=Sing
405820	4d2da873-4c35-4f74-8103-5ccc772a1b7e	12	,	61	62	PUNCT	,	""
405820	4d2da873-4c35-4f74-8103-5ccc772a1b7e	13	has	63	66	AUX	VBZ	Mood=Ind|Number=Sing|Person=3|Tense=Pres|VerbForm=Fin
405820	4d2da873-4c35-4f74-8103-5ccc772a1b7e	14	used	67	71	VERB	VBN	Tense=Past|VerbForm=Part
405820	4d2da873-4c35-4f74-8103-5ccc772a1b7e	15	his	72	75	PRON	PRP$	Gender=Masc|Number=Sing|Person=3|Poss=Yes|PronType=Prs
405820	4d2da873-4c35-4f74-8103-5ccc772a1b7e	16	family	76	82	NOUN	NN	Number=Sing
405820	4d2da873-4c35-4f74-8103-5ccc772a1b7e	17	’s	82	84	PART	POS	""
405820	4d2da873-4c35-4f74-8103-5ccc772a1b7e	18	personal	85	93	ADJ	JJ	Degree=Pos
405820	4d2da873-4c35-4f74-8103-5ccc772a1b7e	19	story	94	99	NOUN	NN	Number=Sing
405820	4d2da873-4c35-4f74-8103-5ccc772a1b7e	20	to	100	102	PART	TO	""
405820	4d2da873-4c35-4f74-8103-5ccc772a1b7e	21	criticize	103	112	VERB	VB	VerbForm=Inf
405820	4d2da873-4c35-4f74-8103-5ccc772a1b7e	22	Trump	113	118	PROPN	NNP	Number=Sing
405820	4d2da873-4c35-4f74-8103-5ccc772a1b7e	23	’s	118	120	PART	POS	""
405820	4d2da873-4c35-4f74-8103-5ccc772a1b7e	24	border	121	127	NOUN	NN	Number=Sing
405820	4d2da873-4c35-4f74-8103-5ccc772a1b7e	25	policies	128	136	NOUN	NNS	Number=Plur
405820	4d2da873-4c35-4f74-8103-5ccc772a1b7e	26	.	136	137	PUNCT	.	""
405820	eac5932a-fee4-46a3-aed4-86e1dc659f10	1	Castro	0	6	PROPN	NNP	Number=Sing
405820	eac5932a-fee4-46a3-aed4-86e1dc659f10	2	advocates	7	16	VERB	VBZ	Mood=Ind|Number=Sing|Person=3|Tense=Pres|VerbForm=Fin
405820	eac5932a-fee4-46a3-aed4-86e1dc659f10	3	a	17	18	DET	DT	Definite=Ind|PronType=Art
405820	eac5932a-fee4-46a3-aed4-86e1dc659f10	4	universal	19	28	ADJ	JJ	Degree=Pos
405820	eac5932a-fee4-46a3-aed4-86e1dc659f10	5	pre-kindergarten	29	45	ADJ	JJ	Degree=Pos
405820	eac5932a-fee4-46a3-aed4-86e1dc659f10	6	program	46	53	NOUN	NN	Number=Sing
405820	eac5932a-fee4-46a3-aed4-86e1dc659f10	7	,	53	54	PUNCT	,	""
405820	eac5932a-fee4-46a3-aed4-86e1dc659f10	8	supports	55	63	VERB	VBZ	Mood=Ind|Number=Sing|Person=3|Tense=Pres|VerbForm=Fin
405820	eac5932a-fee4-46a3-aed4-86e1dc659f10	9	Medicare	64	72	PROPN	NNP	Number=Sing
405820	eac5932a-fee4-46a3-aed4-86e1dc659f10	10	for	73	76	ADP	IN	""
405820	eac5932a-fee4-46a3-aed4-86e1dc659f10	11	All	77	80	DET	DT	""
405820	eac5932a-fee4-46a3-aed4-86e1dc659f10	12	and	81	84	CCONJ	CC	""
405820	eac5932a-fee4-46a3-aed4-86e1dc659f10	13	cites	85	90	VERB	VBZ	Mood=Ind|Number=Sing|Person=3|Tense=Pres|VerbForm=Fin
405820	eac5932a-fee4-46a3-aed4-86e1dc659f10	14	his	91	94	PRON	PRP$	Gender=Masc|Number=Sing|Person=3|Poss=Yes|PronType=Prs
405820	eac5932a-fee4-46a3-aed4-86e1dc659f10	15	experience	95	105	NOUN	NN	Number=Sing
405820	eac5932a-fee4-46a3-aed4-86e1dc659f10	16	to	106	108	PART	TO	""
405820	eac5932a-fee4-46a3-aed4-86e1dc659f10	17	push	109	113	VERB	VB	VerbForm=Inf
405820	eac5932a-fee4-46a3-aed4-86e1dc659f10	18	for	114	117	ADP	IN	""
405820	eac5932a-fee4-46a3-aed4-86e1dc659f10	19	affordable	118	128	ADJ	JJ	Degree=Pos
405820	eac5932a-fee4-46a3-aed4-86e1dc659f10	20	housing	129	136	NOUN	NN	Number=Sing
405820	eac5932a-fee4-46a3-aed4-86e1dc659f10	21	.	136	137	PUNCT	.	""
405820	17a43bd8-8a70-4a90-b0ab-36cbc9246619	1	He	0	2	PRON	PRP	Case=Nom|Gender=Masc|Number=Sing|Person=3|PronType=Prs
405820	17a43bd8-8a70-4a90-b0ab-36cbc9246619	2	announced	3	12	VERB	VBD	Mood=Ind|Tense=Past|VerbForm=Fin
405820	17a43bd8-8a70-4a90-b0ab-36cbc9246619	3	his	13	16	PRON	PRP$	Gender=Masc|Number=Sing|Person=3|Poss=Yes|PronType=Prs
405820	17a43bd8-8a70-4a90-b0ab-36cbc9246619	4	bid	17	20	NOUN	NN	Number=Sing
405820	17a43bd8-8a70-4a90-b0ab-36cbc9246619	5	in	21	23	ADP	IN	""
405820	17a43bd8-8a70-4a90-b0ab-36cbc9246619	6	his	24	27	PRON	PRP$	Gender=Masc|Number=Sing|Person=3|Poss=Yes|PronType=Prs
405820	17a43bd8-8a70-4a90-b0ab-36cbc9246619	7	hometown	28	36	NOUN	NN	Number=Sing
405820	17a43bd8-8a70-4a90-b0ab-36cbc9246619	8	of	37	39	ADP	IN	""
405820	17a43bd8-8a70-4a90-b0ab-36cbc9246619	9	San	40	43	PROPN	NNP	Number=Sing
405820	17a43bd8-8a70-4a90-b0ab-36cbc9246619	10	Antonio	44	51	PROPN	NNP	Number=Sing
405820	17a43bd8-8a70-4a90-b0ab-36cbc9246619	11	,	51	52	PUNCT	,	""
405820	17a43bd8-8a70-4a90-b0ab-36cbc9246619	12	where	53	58	ADV	WRB	PronType=Rel
405820	17a43bd8-8a70-4a90-b0ab-36cbc9246619	13	he	59	61	PRON	PRP	Case=Nom|Gender=Masc|Number=Sing|Person=3|PronType=Prs
405820	17a43bd8-8a70-4a90-b0ab-36cbc9246619	14	once	62	66	ADV	RB	NumType=Mult
405820	17a43bd8-8a70-4a90-b0ab-36cbc9246619	15	served	67	73	VERB	VBD	Mood=Ind|Tense=Past|VerbForm=Fin
405820	17a43bd8-8a70-4a90-b0ab-36cbc9246619	16	as	74	76	ADP	IN	""
405820	17a43bd8-8a70-4a90-b0ab-36cbc9246619	17	mayor	77	82	NOUN	NN	Number=Sing
405820	17a43bd8-8a70-4a90-b0ab-36cbc9246619	18	and	83	86	CCONJ	CC	""
405820	17a43bd8-8a70-4a90-b0ab-36cbc9246619	19	a	87	88	DET	DT	Definite=Ind|PronType=Art
405820	17a43bd8-8a70-4a90-b0ab-36cbc9246619	20	city	89	93	NOUN	NN	Number=Sing
405820	17a43bd8-8a70-4a90-b0ab-36cbc9246619	21	councilman	94	104	NOUN	NN	Number=Sing
405820	17a43bd8-8a70-4a90-b0ab-36cbc9246619	22	.	104	105	PUNCT	.	""
405820	ce301a09-ff5a-46d8-8268-24443291ba3f	1	His	0	3	PRON	PRP$	Gender=Masc|Number=Sing|Person=3|Poss=Yes|PronType=Prs
405820	ce301a09-ff5a-46d8-8268-24443291ba3f	2	twin	4	8	ADJ	JJ	Degree=Pos
405820	ce301a09-ff5a-46d8-8268-24443291ba3f	3	brother	9	16	NOUN	NN	Number=Sing
405820	ce301a09-ff5a-46d8-8268-24443291ba3f	4	,	16	17	PUNCT	,	""
405820	ce301a09-ff5a-46d8-8268-24443291ba3f	5	Joaquin	18	25	PROPN	NNP	Number=Sing
405820	ce301a09-ff5a-46d8-8268-24443291ba3f	6	Castro	26	32	PROPN	NNP	Number=Sing
405820	ce301a09-ff5a-46d8-8268-24443291ba3f	7	,	32	33	PUNCT	,	""
405820	ce301a09-ff5a-46d8-8268-24443291ba3f	8	is	34	36	AUX	VBZ	Mood=Ind|Number=Sing|Person=3|Tense=Pres|VerbForm=Fin
405820	ce301a09-ff5a-46d8-8268-24443291ba3f	9	a	37	38	DET	DT	Definite=Ind|PronType=Art
405820	ce301a09-ff5a-46d8-8268-24443291ba3f	10	Democratic	39	49	ADJ	JJ	Degree=Pos
405820	ce301a09-ff5a-46d8-8268-24443291ba3f	11	congressman	50	61	NOUN	NN	Number=Sing
405820	ce301a09-ff5a-46d8-8268-24443291ba3f	12	from	62	66	ADP	IN	""
405820	ce301a09-ff5a-46d8-8268-24443291ba3f	13	Texas	67	72	PROPN	NNP	Number=Sing
405820	ce301a09-ff5a-46d8-8268-24443291ba3f	14	.	72	73	PUNCT	.	""
405820	fec2ecd1-7383-484f-a6c5-69cf2665a1f9	1	TULSI	-1	4	PROPN	NNP	Number=Sing
405820	fec2ecd1-7383-484f-a6c5-69cf2665a1f9	2	GABBARD	5	12	PROPN	NNP	Number=Sing
405820	28b0de38-1391-45bc-ae03-171456dd72d4	1	The	-1	2	DET	DT	Definite=Def|PronType=Art
405820	28b0de38-1391-45bc-ae03-171456dd72d4	2	Samoan	3	9	ADJ	JJ	Degree=Pos
405820	28b0de38-1391-45bc-ae03-171456dd72d4	3	-	9	10	PUNCT	HYPH	""
405820	28b0de38-1391-45bc-ae03-171456dd72d4	4	American	10	18	ADJ	JJ	Degree=Pos
405820	28b0de38-1391-45bc-ae03-171456dd72d4	5	congresswoman	19	32	NOUN	NN	Number=Sing
405820	28b0de38-1391-45bc-ae03-171456dd72d4	6	from	33	37	ADP	IN	""
405820	28b0de38-1391-45bc-ae03-171456dd72d4	7	Hawaii	38	44	PROPN	NNP	Number=Sing
405820	28b0de38-1391-45bc-ae03-171456dd72d4	8	and	45	48	CCONJ	CC	""
405820	28b0de38-1391-45bc-ae03-171456dd72d4	9	Iraq	49	53	PROPN	NNP	Number=Sing
405820	28b0de38-1391-45bc-ae03-171456dd72d4	10	war	54	57	NOUN	NN	Number=Sing
405820	28b0de38-1391-45bc-ae03-171456dd72d4	11	veteran	58	65	NOUN	NN	Number=Sing
405820	28b0de38-1391-45bc-ae03-171456dd72d4	12	is	66	68	AUX	VBZ	Mood=Ind|Number=Sing|Person=3|Tense=Pres|VerbForm=Fin
405820	28b0de38-1391-45bc-ae03-171456dd72d4	13	the	69	72	DET	DT	Definite=Def|PronType=Art
405820	28b0de38-1391-45bc-ae03-171456dd72d4	14	first	73	78	ADJ	JJ	Degree=Pos|NumType=Ord
405820	28b0de38-1391-45bc-ae03-171456dd72d4	15	Hindu	79	84	PROPN	NNP	Number=Sing
405820	28b0de38-1391-45bc-ae03-171456dd72d4	16	to	85	87	PART	TO	""
405820	28b0de38-1391-45bc-ae03-171456dd72d4	17	serve	88	93	VERB	VB	VerbForm=Inf
405820	28b0de38-1391-45bc-ae03-171456dd72d4	18	in	94	96	ADP	IN	""
405820	28b0de38-1391-45bc-ae03-171456dd72d4	19	the	97	100	DET	DT	Definite=Def|PronType=Art
405820	28b0de38-1391-45bc-ae03-171456dd72d4	20	U.S.	101	105	PROPN	NNP	Number=Sing
405820	28b0de38-1391-45bc-ae03-171456dd72d4	21	House	106	111	PROPN	NNP	Number=Sing
405820	28b0de38-1391-45bc-ae03-171456dd72d4	22	of	112	114	ADP	IN	""
405820	28b0de38-1391-45bc-ae03-171456dd72d4	23	Representatives	115	130	PROPN	NNPS	Number=Plur
405820	28b0de38-1391-45bc-ae03-171456dd72d4	24	.	130	131	PUNCT	.	""
405820	8653a212-7b83-4156-a4b2-fd08e5f0933b	1	After	0	5	SCONJ	IN	""
405820	8653a212-7b83-4156-a4b2-fd08e5f0933b	2	working	6	13	VERB	VBG	VerbForm=Ger
405820	8653a212-7b83-4156-a4b2-fd08e5f0933b	3	for	14	17	ADP	IN	""
405820	8653a212-7b83-4156-a4b2-fd08e5f0933b	4	her	18	21	PRON	PRP$	Gender=Fem|Number=Sing|Person=3|Poss=Yes|PronType=Prs
405820	8653a212-7b83-4156-a4b2-fd08e5f0933b	5	father	22	28	NOUN	NN	Number=Sing
405820	8653a212-7b83-4156-a4b2-fd08e5f0933b	6	’s	28	30	PART	POS	""
405820	8653a212-7b83-4156-a4b2-fd08e5f0933b	7	anti-gay	31	39	ADJ	JJ	Degree=Pos
405820	8653a212-7b83-4156-a4b2-fd08e5f0933b	8	advocacy	40	48	NOUN	NN	Number=Sing
405820	8653a212-7b83-4156-a4b2-fd08e5f0933b	9	group	49	54	NOUN	NN	Number=Sing
405820	8653a212-7b83-4156-a4b2-fd08e5f0933b	10	and	55	58	CCONJ	CC	""
405820	8653a212-7b83-4156-a4b2-fd08e5f0933b	11	drafting	59	67	VERB	VBG	VerbForm=Ger
405820	8653a212-7b83-4156-a4b2-fd08e5f0933b	12	relevant	68	76	ADJ	JJ	Degree=Pos
405820	8653a212-7b83-4156-a4b2-fd08e5f0933b	13	legislation	77	88	NOUN	NN	Number=Sing
405820	8653a212-7b83-4156-a4b2-fd08e5f0933b	14	,	88	89	PUNCT	,	""
405820	8653a212-7b83-4156-a4b2-fd08e5f0933b	15	she	90	93	PRON	PRP	Case=Nom|Gender=Fem|Number=Sing|Person=3|PronType=Prs
405820	8653a212-7b83-4156-a4b2-fd08e5f0933b	16	was	94	97	AUX	VBD	Mood=Ind|Number=Sing|Person=3|Tense=Past|VerbForm=Fin
405820	8653a212-7b83-4156-a4b2-fd08e5f0933b	17	forced	98	104	VERB	VBN	Tense=Past|VerbForm=Part|Voice=Pass
405820	8653a212-7b83-4156-a4b2-fd08e5f0933b	18	to	105	107	PART	TO	""
405820	8653a212-7b83-4156-a4b2-fd08e5f0933b	19	apologize	108	117	VERB	VB	VerbForm=Inf
405820	8653a212-7b83-4156-a4b2-fd08e5f0933b	20	for	118	121	ADP	IN	""
405820	8653a212-7b83-4156-a4b2-fd08e5f0933b	21	her	122	125	PRON	PRP$	Gender=Fem|Number=Sing|Person=3|Poss=Yes|PronType=Prs
405820	8653a212-7b83-4156-a4b2-fd08e5f0933b	22	past	126	130	ADJ	JJ	Degree=Pos
405820	8653a212-7b83-4156-a4b2-fd08e5f0933b	23	views	131	136	NOUN	NNS	Number=Plur
405820	8653a212-7b83-4156-a4b2-fd08e5f0933b	24	on	137	139	ADP	IN	""
405820	8653a212-7b83-4156-a4b2-fd08e5f0933b	25	same	140	144	ADJ	JJ	Degree=Pos
405820	8653a212-7b83-4156-a4b2-fd08e5f0933b	26	-	144	145	PUNCT	HYPH	""
405820	8653a212-7b83-4156-a4b2-fd08e5f0933b	27	sex	145	148	NOUN	NN	Number=Sing
405820	8653a212-7b83-4156-a4b2-fd08e5f0933b	28	marriage	149	157	NOUN	NN	Number=Sing
405820	8653a212-7b83-4156-a4b2-fd08e5f0933b	29	.	157	158	PUNCT	.	""
405820	cfd24220-e837-4b8d-95d3-f83b1ea61475	1	Gabbard	0	7	PROPN	NNP	Number=Sing
405820	cfd24220-e837-4b8d-95d3-f83b1ea61475	2	,	7	8	PUNCT	,	""
405820	cfd24220-e837-4b8d-95d3-f83b1ea61475	3	37	9	11	NUM	CD	NumType=Card
405820	cfd24220-e837-4b8d-95d3-f83b1ea61475	4	,	11	12	PUNCT	,	""
405820	cfd24220-e837-4b8d-95d3-f83b1ea61475	5	has	13	16	AUX	VBZ	Mood=Ind|Number=Sing|Person=3|Tense=Pres|VerbForm=Fin
405820	cfd24220-e837-4b8d-95d3-f83b1ea61475	6	been	17	21	AUX	VBN	Tense=Past|VerbForm=Part
405820	cfd24220-e837-4b8d-95d3-f83b1ea61475	7	criticized	22	32	VERB	VBN	Tense=Past|VerbForm=Part|Voice=Pass
405820	cfd24220-e837-4b8d-95d3-f83b1ea61475	8	for	33	36	SCONJ	IN	""
405820	cfd24220-e837-4b8d-95d3-f83b1ea61475	9	meeting	37	44	VERB	VBG	VerbForm=Ger
405820	cfd24220-e837-4b8d-95d3-f83b1ea61475	10	Syrian	45	51	ADJ	JJ	Degree=Pos
405820	cfd24220-e837-4b8d-95d3-f83b1ea61475	11	President	52	61	PROPN	NNP	Number=Sing
405820	cfd24220-e837-4b8d-95d3-f83b1ea61475	12	Bashar	62	68	PROPN	NNP	Number=Sing
405820	cfd24220-e837-4b8d-95d3-f83b1ea61475	13	al	69	71	PROPN	NNP	Number=Sing
405820	cfd24220-e837-4b8d-95d3-f83b1ea61475	14	-	71	72	PUNCT	HYPH	""
405820	cfd24220-e837-4b8d-95d3-f83b1ea61475	15	Assad	72	77	PROPN	NNP	Number=Sing
405820	cfd24220-e837-4b8d-95d3-f83b1ea61475	16	in	78	80	ADP	IN	""
405820	cfd24220-e837-4b8d-95d3-f83b1ea61475	17	2017	81	85	NUM	CD	NumType=Card
405820	cfd24220-e837-4b8d-95d3-f83b1ea61475	18	.	85	86	PUNCT	.	""
405820	4a148f0e-5c60-4cb3-9fc5-733abcdd3d3a	1	She	0	3	PRON	PRP	Case=Nom|Gender=Fem|Number=Sing|Person=3|PronType=Prs
405820	4a148f0e-5c60-4cb3-9fc5-733abcdd3d3a	2	slammed	4	11	VERB	VBD	Mood=Ind|Tense=Past|VerbForm=Fin
405820	4a148f0e-5c60-4cb3-9fc5-733abcdd3d3a	3	Trump	12	17	PROPN	NNP	Number=Sing
405820	4a148f0e-5c60-4cb3-9fc5-733abcdd3d3a	4	for	18	21	SCONJ	IN	""
405820	4a148f0e-5c60-4cb3-9fc5-733abcdd3d3a	5	standing	22	30	VERB	VBG	VerbForm=Ger
405820	4a148f0e-5c60-4cb3-9fc5-733abcdd3d3a	6	by	31	33	ADP	IN	""
405820	4a148f0e-5c60-4cb3-9fc5-733abcdd3d3a	7	Saudi	34	39	PROPN	NNP	Number=Sing
405820	4a148f0e-5c60-4cb3-9fc5-733abcdd3d3a	8	Arabia	40	46	PROPN	NNP	Number=Sing
405820	4a148f0e-5c60-4cb3-9fc5-733abcdd3d3a	9	after	47	52	ADP	IN	""
405820	4a148f0e-5c60-4cb3-9fc5-733abcdd3d3a	10	the	53	56	DET	DT	Definite=Def|PronType=Art
405820	4a148f0e-5c60-4cb3-9fc5-733abcdd3d3a	11	murder	57	63	NOUN	NN	Number=Sing
405820	4a148f0e-5c60-4cb3-9fc5-733abcdd3d3a	12	of	64	66	ADP	IN	""
405820	4a148f0e-5c60-4cb3-9fc5-733abcdd3d3a	13	journalist	67	77	NOUN	NN	Number=Sing
405820	4a148f0e-5c60-4cb3-9fc5-733abcdd3d3a	14	Jamal	78	83	PROPN	NNP	Number=Sing
405820	4a148f0e-5c60-4cb3-9fc5-733abcdd3d3a	15	Khashoggi	84	93	PROPN	NNP	Number=Sing
405820	4a148f0e-5c60-4cb3-9fc5-733abcdd3d3a	16	.	93	94	PUNCT	.	""
405820	43201755-5579-4448-a2d2-07de04040686	1	She	0	3	PRON	PRP	Case=Nom|Gender=Fem|Number=Sing|Person=3|PronType=Prs
405820	43201755-5579-4448-a2d2-07de04040686	2	endorsed	4	12	VERB	VBD	Mood=Ind|Tense=Past|VerbForm=Fin
405820	43201755-5579-4448-a2d2-07de04040686	3	Bernie	13	19	PROPN	NNP	Number=Sing
405820	43201755-5579-4448-a2d2-07de04040686	4	Sanders	20	27	PROPN	NNP	Number=Sing
405820	43201755-5579-4448-a2d2-07de04040686	5	during	28	34	ADP	IN	""
405820	43201755-5579-4448-a2d2-07de04040686	6	his	35	38	PRON	PRP$	Gender=Masc|Number=Sing|Person=3|Poss=Yes|PronType=Prs
405820	43201755-5579-4448-a2d2-07de04040686	7	2016	39	43	NUM	CD	NumType=Card
405820	43201755-5579-4448-a2d2-07de04040686	8	presidential	44	56	ADJ	JJ	Degree=Pos
405820	43201755-5579-4448-a2d2-07de04040686	9	campaign	57	65	NOUN	NN	Number=Sing
405820	43201755-5579-4448-a2d2-07de04040686	10	.	65	66	PUNCT	.	""
405820	5d30787c-82a1-4d86-9409-d4889df6e444	1	JAY	-1	2	PROPN	NNP	Number=Sing
405820	5d30787c-82a1-4d86-9409-d4889df6e444	2	INSLEE	3	9	PROPN	NNP	Number=Sing
405820	6ddd063d-8e33-4127-a6f5-674b37853486	1	The	-1	2	DET	DT	Definite=Def|PronType=Art
405820	6ddd063d-8e33-4127-a6f5-674b37853486	2	Washington	3	13	PROPN	NNP	Number=Sing
405820	6ddd063d-8e33-4127-a6f5-674b37853486	3	state	14	19	NOUN	NN	Number=Sing
405820	6ddd063d-8e33-4127-a6f5-674b37853486	4	governor	20	28	PROPN	NNP	Number=Sing
405820	6ddd063d-8e33-4127-a6f5-674b37853486	5	has	29	32	AUX	VBZ	Mood=Ind|Number=Sing|Person=3|Tense=Pres|VerbForm=Fin
405820	6ddd063d-8e33-4127-a6f5-674b37853486	6	made	33	37	VERB	VBN	Tense=Past|VerbForm=Part
405820	6ddd063d-8e33-4127-a6f5-674b37853486	7	fighting	38	46	VERB	VBG	VerbForm=Ger
405820	6ddd063d-8e33-4127-a6f5-674b37853486	8	climate	47	54	NOUN	NN	Number=Sing
405820	6ddd063d-8e33-4127-a6f5-674b37853486	9	change	55	61	NOUN	NN	Number=Sing
405820	6ddd063d-8e33-4127-a6f5-674b37853486	10	the	62	65	DET	DT	Definite=Def|PronType=Art
405820	6ddd063d-8e33-4127-a6f5-674b37853486	11	central	66	73	ADJ	JJ	Degree=Pos
405820	6ddd063d-8e33-4127-a6f5-674b37853486	12	issue	74	79	NOUN	NN	Number=Sing
405820	6ddd063d-8e33-4127-a6f5-674b37853486	13	of	80	82	ADP	IN	""
405820	6ddd063d-8e33-4127-a6f5-674b37853486	14	his	83	86	PRON	PRP$	Gender=Masc|Number=Sing|Person=3|Poss=Yes|PronType=Prs
405820	6ddd063d-8e33-4127-a6f5-674b37853486	15	campaign	87	95	NOUN	NN	Number=Sing
405820	6ddd063d-8e33-4127-a6f5-674b37853486	16	.	95	96	PUNCT	.	""
405820	463bcf95-fea9-401e-a8d6-c35243ef9447	1	As	0	2	ADP	IN	""
405820	463bcf95-fea9-401e-a8d6-c35243ef9447	2	governor	3	11	PROPN	NNP	Number=Sing
405820	463bcf95-fea9-401e-a8d6-c35243ef9447	3	,	11	12	PUNCT	,	""
405820	463bcf95-fea9-401e-a8d6-c35243ef9447	4	Inslee	13	19	PROPN	NNP	Number=Sing
405820	463bcf95-fea9-401e-a8d6-c35243ef9447	5	,	19	20	PUNCT	,	""
405820	463bcf95-fea9-401e-a8d6-c35243ef9447	6	68	21	23	NUM	CD	NumType=Card
405820	463bcf95-fea9-401e-a8d6-c35243ef9447	7	,	23	24	PUNCT	,	""
405820	463bcf95-fea9-401e-a8d6-c35243ef9447	8	has	25	28	AUX	VBZ	Mood=Ind|Number=Sing|Person=3|Tense=Pres|VerbForm=Fin
405820	463bcf95-fea9-401e-a8d6-c35243ef9447	9	moved	29	34	VERB	VBN	Tense=Past|VerbForm=Part
405820	463bcf95-fea9-401e-a8d6-c35243ef9447	10	to	35	37	PART	TO	""
405820	463bcf95-fea9-401e-a8d6-c35243ef9447	11	put	38	41	VERB	VB	VerbForm=Inf
405820	463bcf95-fea9-401e-a8d6-c35243ef9447	12	a	42	43	DET	DT	Definite=Ind|PronType=Art
405820	463bcf95-fea9-401e-a8d6-c35243ef9447	13	moratorium	44	54	NOUN	NN	Number=Sing
405820	463bcf95-fea9-401e-a8d6-c35243ef9447	14	on	55	57	ADP	IN	""
405820	463bcf95-fea9-401e-a8d6-c35243ef9447	15	capital	58	65	ADJ	JJ	Degree=Pos
405820	463bcf95-fea9-401e-a8d6-c35243ef9447	16	punishment	66	76	NOUN	NN	Number=Sing
405820	463bcf95-fea9-401e-a8d6-c35243ef9447	17	and	77	80	CCONJ	CC	""
405820	463bcf95-fea9-401e-a8d6-c35243ef9447	18	fully	81	86	ADV	RB	""
405820	463bcf95-fea9-401e-a8d6-c35243ef9447	19	implement	87	96	VERB	VBP	Mood=Ind|Tense=Pres|VerbForm=Fin
405820	463bcf95-fea9-401e-a8d6-c35243ef9447	20	the	97	100	DET	DT	Definite=Def|PronType=Art
405820	463bcf95-fea9-401e-a8d6-c35243ef9447	21	Affordable	101	111	PROPN	NNP	Number=Sing
405820	463bcf95-fea9-401e-a8d6-c35243ef9447	22	Care	112	116	PROPN	NNP	Number=Sing
405820	463bcf95-fea9-401e-a8d6-c35243ef9447	23	Act	117	120	PROPN	NNP	Number=Sing
405820	463bcf95-fea9-401e-a8d6-c35243ef9447	24	,	120	121	PUNCT	,	""
405820	463bcf95-fea9-401e-a8d6-c35243ef9447	25	commonly	122	130	ADV	RB	""
405820	463bcf95-fea9-401e-a8d6-c35243ef9447	26	known	131	136	VERB	VBN	Tense=Past|VerbForm=Part
405820	463bcf95-fea9-401e-a8d6-c35243ef9447	27	as	137	139	ADP	IN	""
405820	463bcf95-fea9-401e-a8d6-c35243ef9447	28	Obamacare	140	149	PROPN	NNP	Number=Sing
405820	463bcf95-fea9-401e-a8d6-c35243ef9447	29	,	149	150	PUNCT	,	""
405820	463bcf95-fea9-401e-a8d6-c35243ef9447	30	and	151	154	CCONJ	CC	""
405820	463bcf95-fea9-401e-a8d6-c35243ef9447	31	accompanying	155	167	VERB	VBG	VerbForm=Ger
405820	463bcf95-fea9-401e-a8d6-c35243ef9447	32	expansion	168	177	NOUN	NN	Number=Sing
405820	463bcf95-fea9-401e-a8d6-c35243ef9447	33	of	178	180	ADP	IN	""
405820	463bcf95-fea9-401e-a8d6-c35243ef9447	34	Medicaid	181	189	PROPN	NNP	Number=Sing
405820	463bcf95-fea9-401e-a8d6-c35243ef9447	35	health	190	196	NOUN	NN	Number=Sing
405820	463bcf95-fea9-401e-a8d6-c35243ef9447	36	coverage	197	205	NOUN	NN	Number=Sing
405820	463bcf95-fea9-401e-a8d6-c35243ef9447	37	for	206	209	ADP	IN	""
405820	463bcf95-fea9-401e-a8d6-c35243ef9447	38	the	210	213	DET	DT	Definite=Def|PronType=Art
405820	463bcf95-fea9-401e-a8d6-c35243ef9447	39	poor	214	218	ADJ	JJ	Degree=Pos
405820	463bcf95-fea9-401e-a8d6-c35243ef9447	40	.	218	219	PUNCT	.	""
405820	913bf5ef-85b1-4b20-bbc2-54717c7db7e3	1	He	0	2	PRON	PRP	Case=Nom|Gender=Masc|Number=Sing|Person=3|PronType=Prs
405820	913bf5ef-85b1-4b20-bbc2-54717c7db7e3	2	has	3	6	AUX	VBZ	Mood=Ind|Number=Sing|Person=3|Tense=Pres|VerbForm=Fin
405820	913bf5ef-85b1-4b20-bbc2-54717c7db7e3	3	not	7	10	PART	RB	""
405820	913bf5ef-85b1-4b20-bbc2-54717c7db7e3	4	settled	11	18	VERB	VBN	Tense=Past|VerbForm=Part
405820	913bf5ef-85b1-4b20-bbc2-54717c7db7e3	5	on	19	21	ADP	IN	""
405820	913bf5ef-85b1-4b20-bbc2-54717c7db7e3	6	a	22	23	DET	DT	Definite=Ind|PronType=Art
405820	913bf5ef-85b1-4b20-bbc2-54717c7db7e3	7	position	24	32	NOUN	NN	Number=Sing
405820	913bf5ef-85b1-4b20-bbc2-54717c7db7e3	8	on	33	35	ADP	IN	""
405820	913bf5ef-85b1-4b20-bbc2-54717c7db7e3	9	Medicare	36	44	PROPN	NNP	Number=Sing
405820	913bf5ef-85b1-4b20-bbc2-54717c7db7e3	10	for	45	48	ADP	IN	""
405820	913bf5ef-85b1-4b20-bbc2-54717c7db7e3	11	All	49	52	DET	DT	""
405820	913bf5ef-85b1-4b20-bbc2-54717c7db7e3	12	but	53	56	CCONJ	CC	""
405820	913bf5ef-85b1-4b20-bbc2-54717c7db7e3	13	does	57	61	AUX	VBZ	Mood=Ind|Number=Sing|Person=3|Tense=Pres|VerbForm=Fin
405820	913bf5ef-85b1-4b20-bbc2-54717c7db7e3	14	support	62	69	VERB	VB	VerbForm=Inf
405820	913bf5ef-85b1-4b20-bbc2-54717c7db7e3	15	the	70	73	DET	DT	Definite=Def|PronType=Art
405820	913bf5ef-85b1-4b20-bbc2-54717c7db7e3	16	Green	74	79	ADJ	JJ	Degree=Pos
405820	913bf5ef-85b1-4b20-bbc2-54717c7db7e3	17	New	80	83	PROPN	NNP	Number=Sing
405820	913bf5ef-85b1-4b20-bbc2-54717c7db7e3	18	Deal	84	88	PROPN	NNP	Number=Sing
405820	913bf5ef-85b1-4b20-bbc2-54717c7db7e3	19	backed	89	95	VERB	VBN	Tense=Past|VerbForm=Part
405820	913bf5ef-85b1-4b20-bbc2-54717c7db7e3	20	by	96	98	ADP	IN	""
405820	913bf5ef-85b1-4b20-bbc2-54717c7db7e3	21	progressives	99	111	NOUN	NNS	Number=Plur
405820	913bf5ef-85b1-4b20-bbc2-54717c7db7e3	22	.	111	112	PUNCT	.	""
405820	a034331c-d8d5-4451-9266-e3efc8e8cc28	1	Inslee	0	6	PROPN	NNP	Number=Sing
405820	a034331c-d8d5-4451-9266-e3efc8e8cc28	2	spent	7	12	VERB	VBD	Mood=Ind|Tense=Past|VerbForm=Fin
405820	a034331c-d8d5-4451-9266-e3efc8e8cc28	3	15	13	15	NUM	CD	NumType=Card
405820	a034331c-d8d5-4451-9266-e3efc8e8cc28	4	years	16	21	NOUN	NNS	Number=Plur
405820	a034331c-d8d5-4451-9266-e3efc8e8cc28	5	in	22	24	ADP	IN	""
405820	a034331c-d8d5-4451-9266-e3efc8e8cc28	6	Congress	25	33	PROPN	NNP	Number=Sing
405820	a034331c-d8d5-4451-9266-e3efc8e8cc28	7	before	34	40	SCONJ	IN	""
405820	a034331c-d8d5-4451-9266-e3efc8e8cc28	8	being	41	46	AUX	VBG	VerbForm=Ger
405820	a034331c-d8d5-4451-9266-e3efc8e8cc28	9	elected	47	54	VERB	VBN	Tense=Past|VerbForm=Part|Voice=Pass
405820	a034331c-d8d5-4451-9266-e3efc8e8cc28	10	governor	55	63	PROPN	NNP	Number=Sing
405820	a034331c-d8d5-4451-9266-e3efc8e8cc28	11	in	64	66	ADP	IN	""
405820	a034331c-d8d5-4451-9266-e3efc8e8cc28	12	2012	67	71	NUM	CD	NumType=Card
405820	a034331c-d8d5-4451-9266-e3efc8e8cc28	13	.	71	72	PUNCT	.	""
405820	2e4b67a8-6887-40ab-a9d2-01f24ca1a971	1	TRYING	-1	5	VERB	VBG	VerbForm=Ger
405820	2e4b67a8-6887-40ab-a9d2-01f24ca1a971	2	TO	6	8	PART	TO	""
405820	2e4b67a8-6887-40ab-a9d2-01f24ca1a971	3	BREAKTHROUGH	9	21	VERB	VB	VerbForm=Inf
405820	5dd7d05c-c778-4d9a-842f-ae1275e50687	1	The	-1	2	DET	DT	Definite=Def|PronType=Art
405820	5dd7d05c-c778-4d9a-842f-ae1275e50687	2	field	3	8	NOUN	NN	Number=Sing
405820	5dd7d05c-c778-4d9a-842f-ae1275e50687	3	also	9	13	ADV	RB	""
405820	5dd7d05c-c778-4d9a-842f-ae1275e50687	4	includes	14	22	VERB	VBZ	Mood=Ind|Number=Sing|Person=3|Tense=Pres|VerbForm=Fin
405820	5dd7d05c-c778-4d9a-842f-ae1275e50687	5	several	23	30	ADJ	JJ	Degree=Pos
405820	5dd7d05c-c778-4d9a-842f-ae1275e50687	6	Democrats	31	40	PROPN	NNPS	Number=Plur
405820	5dd7d05c-c778-4d9a-842f-ae1275e50687	7	who	41	44	PRON	WP	PronType=Rel
405820	5dd7d05c-c778-4d9a-842f-ae1275e50687	8	already	45	52	ADV	RB	""
405820	5dd7d05c-c778-4d9a-842f-ae1275e50687	9	hold	53	57	VERB	VBP	Mood=Ind|Tense=Pres|VerbForm=Fin
405820	5dd7d05c-c778-4d9a-842f-ae1275e50687	10	public	58	64	ADJ	JJ	Degree=Pos
405820	5dd7d05c-c778-4d9a-842f-ae1275e50687	11	office	65	71	NOUN	NN	Number=Sing
405820	5dd7d05c-c778-4d9a-842f-ae1275e50687	12	,	71	72	PUNCT	,	""
405820	5dd7d05c-c778-4d9a-842f-ae1275e50687	13	have	73	77	AUX	VBP	Mood=Ind|Tense=Pres|VerbForm=Fin
405820	5dd7d05c-c778-4d9a-842f-ae1275e50687	14	managed	78	85	VERB	VBN	Tense=Past|VerbForm=Part
405820	5dd7d05c-c778-4d9a-842f-ae1275e50687	15	to	86	88	PART	TO	""
405820	5dd7d05c-c778-4d9a-842f-ae1275e50687	16	generate	89	97	VERB	VB	VerbForm=Inf
405820	5dd7d05c-c778-4d9a-842f-ae1275e50687	17	an	98	100	DET	DT	Definite=Ind|PronType=Art
405820	5dd7d05c-c778-4d9a-842f-ae1275e50687	18	early	101	106	ADJ	JJ	Degree=Pos
405820	5dd7d05c-c778-4d9a-842f-ae1275e50687	19	fundraising	107	118	NOUN	NN	Number=Sing
405820	5dd7d05c-c778-4d9a-842f-ae1275e50687	20	base	119	123	NOUN	NN	Number=Sing
405820	5dd7d05c-c778-4d9a-842f-ae1275e50687	21	and	124	127	CCONJ	CC	""
405820	5dd7d05c-c778-4d9a-842f-ae1275e50687	22	are	128	131	AUX	VBP	Mood=Ind|Tense=Pres|VerbForm=Fin
405820	5dd7d05c-c778-4d9a-842f-ae1275e50687	23	trying	132	138	VERB	VBG	Tense=Pres|VerbForm=Part
405820	5dd7d05c-c778-4d9a-842f-ae1275e50687	24	to	139	141	PART	TO	""
405820	5dd7d05c-c778-4d9a-842f-ae1275e50687	25	find	142	146	VERB	VB	VerbForm=Inf
405820	5dd7d05c-c778-4d9a-842f-ae1275e50687	26	a	147	148	DET	DT	Definite=Ind|PronType=Art
405820	5dd7d05c-c778-4d9a-842f-ae1275e50687	27	way	149	152	NOUN	NN	Number=Sing
405820	5dd7d05c-c778-4d9a-842f-ae1275e50687	28	to	153	155	PART	TO	""
405820	5dd7d05c-c778-4d9a-842f-ae1275e50687	29	break	156	161	VERB	VB	VerbForm=Inf
405820	5dd7d05c-c778-4d9a-842f-ae1275e50687	30	through	162	169	ADV	RB	""
405820	5dd7d05c-c778-4d9a-842f-ae1275e50687	31	.	169	170	PUNCT	.	""
405820	6e05fd92-f806-4289-8735-fcfb180ad55f	1	KIRSTEN	-1	6	PROPN	NNP	Number=Sing
405820	6e05fd92-f806-4289-8735-fcfb180ad55f	2	GILLIBRANDGillibrand	7	27	PROPN	NNP	Number=Sing
405820	6e05fd92-f806-4289-8735-fcfb180ad55f	3	,	27	28	PUNCT	,	""
405820	6e05fd92-f806-4289-8735-fcfb180ad55f	4	known	29	34	VERB	VBN	Tense=Past|VerbForm=Part
405820	6e05fd92-f806-4289-8735-fcfb180ad55f	5	as	35	37	ADP	IN	""
405820	6e05fd92-f806-4289-8735-fcfb180ad55f	6	a	38	39	DET	DT	Definite=Ind|PronType=Art
405820	6e05fd92-f806-4289-8735-fcfb180ad55f	7	moderate	40	48	ADJ	JJ	Degree=Pos
405820	6e05fd92-f806-4289-8735-fcfb180ad55f	8	when	49	53	ADV	WRB	PronType=Int
405820	6e05fd92-f806-4289-8735-fcfb180ad55f	9	she	54	57	PRON	PRP	Case=Nom|Gender=Fem|Number=Sing|Person=3|PronType=Prs
405820	6e05fd92-f806-4289-8735-fcfb180ad55f	10	served	58	64	VERB	VBD	Mood=Ind|Tense=Past|VerbForm=Fin
405820	6e05fd92-f806-4289-8735-fcfb180ad55f	11	as	65	67	ADP	IN	""
405820	6e05fd92-f806-4289-8735-fcfb180ad55f	12	a	68	69	DET	DT	Definite=Ind|PronType=Art
405820	6e05fd92-f806-4289-8735-fcfb180ad55f	13	congresswoman	70	83	NOUN	NN	Number=Sing
405820	6e05fd92-f806-4289-8735-fcfb180ad55f	14	from	84	88	ADP	IN	""
405820	6e05fd92-f806-4289-8735-fcfb180ad55f	15	upstate	89	96	PROPN	NNP	Number=Sing
405820	6e05fd92-f806-4289-8735-fcfb180ad55f	16	New	97	100	PROPN	NNP	Number=Sing
405820	6e05fd92-f806-4289-8735-fcfb180ad55f	17	York	101	105	PROPN	NNP	Number=Sing
405820	6e05fd92-f806-4289-8735-fcfb180ad55f	18	,	105	106	PUNCT	,	""
405820	6e05fd92-f806-4289-8735-fcfb180ad55f	19	has	107	110	AUX	VBZ	Mood=Ind|Number=Sing|Person=3|Tense=Pres|VerbForm=Fin
405820	6e05fd92-f806-4289-8735-fcfb180ad55f	20	refashioned	111	122	VERB	VBN	Tense=Past|VerbForm=Part
405820	6e05fd92-f806-4289-8735-fcfb180ad55f	21	herself	123	130	PRON	PRP	Case=Acc|Gender=Masc|Number=Sing|Person=3|PronType=Prs|Reflex=Yes
405820	6e05fd92-f806-4289-8735-fcfb180ad55f	22	into	131	135	ADP	IN	""
405820	6e05fd92-f806-4289-8735-fcfb180ad55f	23	a	136	137	DET	DT	Definite=Ind|PronType=Art
405820	6e05fd92-f806-4289-8735-fcfb180ad55f	24	staunch	138	145	ADJ	JJ	Degree=Pos
405820	6e05fd92-f806-4289-8735-fcfb180ad55f	25	progressive	146	157	NOUN	NN	Number=Sing
405820	6e05fd92-f806-4289-8735-fcfb180ad55f	26	,	157	158	PUNCT	,	""
405820	6e05fd92-f806-4289-8735-fcfb180ad55f	27	calling	159	166	VERB	VBG	VerbForm=Ger
405820	6e05fd92-f806-4289-8735-fcfb180ad55f	28	for	167	170	ADP	IN	""
405820	6e05fd92-f806-4289-8735-fcfb180ad55f	29	strict	171	177	ADJ	JJ	Degree=Pos
405820	6e05fd92-f806-4289-8735-fcfb180ad55f	30	gun	178	181	NOUN	NN	Number=Sing
405820	6e05fd92-f806-4289-8735-fcfb180ad55f	31	laws	182	186	NOUN	NNS	Number=Plur
405820	6e05fd92-f806-4289-8735-fcfb180ad55f	32	and	187	190	CCONJ	CC	""
405820	6e05fd92-f806-4289-8735-fcfb180ad55f	33	supporting	191	201	VERB	VBG	VerbForm=Ger
405820	6e05fd92-f806-4289-8735-fcfb180ad55f	34	the	202	205	DET	DT	Definite=Def|PronType=Art
405820	6e05fd92-f806-4289-8735-fcfb180ad55f	35	Green	206	211	PROPN	NNP	Number=Sing
405820	6e05fd92-f806-4289-8735-fcfb180ad55f	36	New	212	215	PROPN	NNP	Number=Sing
405820	6e05fd92-f806-4289-8735-fcfb180ad55f	37	Deal	216	220	PROPN	NNP	Number=Sing
405820	6e05fd92-f806-4289-8735-fcfb180ad55f	38	.	220	221	PUNCT	.	""
405820	2ce3d9fb-ef5f-41ab-be1f-38ff0086f268	1	The	0	3	DET	DT	Definite=Def|PronType=Art
405820	2ce3d9fb-ef5f-41ab-be1f-38ff0086f268	2	senator	4	11	NOUN	NN	Number=Sing
405820	2ce3d9fb-ef5f-41ab-be1f-38ff0086f268	3	for	12	15	ADP	IN	""
405820	2ce3d9fb-ef5f-41ab-be1f-38ff0086f268	4	New	16	19	PROPN	NNP	Number=Sing
405820	2ce3d9fb-ef5f-41ab-be1f-38ff0086f268	5	York	20	24	PROPN	NNP	Number=Sing
405820	2ce3d9fb-ef5f-41ab-be1f-38ff0086f268	6	,	24	25	PUNCT	,	""
405820	2ce3d9fb-ef5f-41ab-be1f-38ff0086f268	7	who	26	29	PRON	WP	PronType=Rel
405820	2ce3d9fb-ef5f-41ab-be1f-38ff0086f268	8	is	30	32	AUX	VBZ	Mood=Ind|Number=Sing|Person=3|Tense=Pres|VerbForm=Fin
405820	2ce3d9fb-ef5f-41ab-be1f-38ff0086f268	9	52	33	35	NUM	CD	NumType=Card
405820	2ce3d9fb-ef5f-41ab-be1f-38ff0086f268	10	,	35	36	PUNCT	,	""
405820	2ce3d9fb-ef5f-41ab-be1f-38ff0086f268	11	has	37	40	AUX	VBZ	Mood=Ind|Number=Sing|Person=3|Tense=Pres|VerbForm=Fin
405820	2ce3d9fb-ef5f-41ab-be1f-38ff0086f268	12	led	41	44	VERB	VBN	Tense=Past|VerbForm=Part
405820	2ce3d9fb-ef5f-41ab-be1f-38ff0086f268	13	efforts	45	52	NOUN	NNS	Number=Plur
405820	2ce3d9fb-ef5f-41ab-be1f-38ff0086f268	14	to	53	55	PART	TO	""
405820	2ce3d9fb-ef5f-41ab-be1f-38ff0086f268	15	address	56	63	VERB	VB	VerbForm=Inf
405820	2ce3d9fb-ef5f-41ab-be1f-38ff0086f268	16	sexual	64	70	ADJ	JJ	Degree=Pos
405820	2ce3d9fb-ef5f-41ab-be1f-38ff0086f268	17	assault	71	78	NOUN	NN	Number=Sing
405820	2ce3d9fb-ef5f-41ab-be1f-38ff0086f268	18	in	79	81	ADP	IN	""
405820	2ce3d9fb-ef5f-41ab-be1f-38ff0086f268	19	the	82	85	DET	DT	Definite=Def|PronType=Art
405820	2ce3d9fb-ef5f-41ab-be1f-38ff0086f268	20	military	86	94	NOUN	NN	Number=Sing
405820	2ce3d9fb-ef5f-41ab-be1f-38ff0086f268	21	and	95	98	CCONJ	CC	""
405820	2ce3d9fb-ef5f-41ab-be1f-38ff0086f268	22	on	99	101	ADP	IN	""
405820	2ce3d9fb-ef5f-41ab-be1f-38ff0086f268	23	college	102	109	NOUN	NN	Number=Sing
405820	2ce3d9fb-ef5f-41ab-be1f-38ff0086f268	24	campuses	110	118	NOUN	NNS	Number=Plur
405820	2ce3d9fb-ef5f-41ab-be1f-38ff0086f268	25	,	118	119	PUNCT	,	""
405820	2ce3d9fb-ef5f-41ab-be1f-38ff0086f268	26	and	120	123	CCONJ	CC	""
405820	2ce3d9fb-ef5f-41ab-be1f-38ff0086f268	27	she	124	127	PRON	PRP	Case=Nom|Gender=Fem|Number=Sing|Person=3|PronType=Prs
405820	2ce3d9fb-ef5f-41ab-be1f-38ff0086f268	28	pushed	128	134	VERB	VBD	Mood=Ind|Tense=Past|VerbForm=Fin
405820	2ce3d9fb-ef5f-41ab-be1f-38ff0086f268	29	for	135	138	ADP	IN	""
405820	2ce3d9fb-ef5f-41ab-be1f-38ff0086f268	30	Congress	139	147	PROPN	NNP	Number=Sing
405820	2ce3d9fb-ef5f-41ab-be1f-38ff0086f268	31	to	148	150	PART	TO	""
405820	2ce3d9fb-ef5f-41ab-be1f-38ff0086f268	32	improve	151	158	VERB	VB	VerbForm=Inf
405820	2ce3d9fb-ef5f-41ab-be1f-38ff0086f268	33	its	159	162	PRON	PRP$	Gender=Neut|Number=Sing|Person=3|Poss=Yes|PronType=Prs
405820	2ce3d9fb-ef5f-41ab-be1f-38ff0086f268	34	own	163	166	ADJ	JJ	Degree=Pos
405820	2ce3d9fb-ef5f-41ab-be1f-38ff0086f268	35	handling	167	175	NOUN	NN	Number=Sing
405820	2ce3d9fb-ef5f-41ab-be1f-38ff0086f268	36	of	176	178	ADP	IN	""
405820	2ce3d9fb-ef5f-41ab-be1f-38ff0086f268	37	sexual	179	185	ADJ	JJ	Degree=Pos
405820	2ce3d9fb-ef5f-41ab-be1f-38ff0086f268	38	misconduct	186	196	NOUN	NN	Number=Sing
405820	2ce3d9fb-ef5f-41ab-be1f-38ff0086f268	39	allegations	197	208	NOUN	NNS	Number=Plur
405820	2ce3d9fb-ef5f-41ab-be1f-38ff0086f268	40	.	208	209	PUNCT	.	""
405820	929371bf-ed46-45da-93b8-80d76cf5d3bd	1	On	0	2	ADP	IN	""
405820	929371bf-ed46-45da-93b8-80d76cf5d3bd	2	the	3	6	DET	DT	Definite=Def|PronType=Art
405820	929371bf-ed46-45da-93b8-80d76cf5d3bd	3	campaign	7	15	NOUN	NN	Number=Sing
405820	929371bf-ed46-45da-93b8-80d76cf5d3bd	4	trail	16	21	NOUN	NN	Number=Sing
405820	929371bf-ed46-45da-93b8-80d76cf5d3bd	5	,	21	22	PUNCT	,	""
405820	929371bf-ed46-45da-93b8-80d76cf5d3bd	6	she	23	26	PRON	PRP	Case=Nom|Gender=Fem|Number=Sing|Person=3|PronType=Prs
405820	929371bf-ed46-45da-93b8-80d76cf5d3bd	7	has	27	30	AUX	VBZ	Mood=Ind|Number=Sing|Person=3|Tense=Pres|VerbForm=Fin
405820	929371bf-ed46-45da-93b8-80d76cf5d3bd	8	made	31	35	VERB	VBN	Tense=Past|VerbForm=Part
405820	929371bf-ed46-45da-93b8-80d76cf5d3bd	9	fiery	36	41	ADJ	JJ	Degree=Pos
405820	929371bf-ed46-45da-93b8-80d76cf5d3bd	10	denunciations	42	55	NOUN	NNS	Number=Plur
405820	929371bf-ed46-45da-93b8-80d76cf5d3bd	11	of	56	58	ADP	IN	""
405820	929371bf-ed46-45da-93b8-80d76cf5d3bd	12	Trump	59	64	PROPN	NNP	Number=Sing
405820	929371bf-ed46-45da-93b8-80d76cf5d3bd	13	.	64	65	PUNCT	.	""
405820	3419ae5a-4ba8-4382-9296-8c696b137dd5	1	She	0	3	PRON	PRP	Case=Nom|Gender=Fem|Number=Sing|Person=3|PronType=Prs
405820	3419ae5a-4ba8-4382-9296-8c696b137dd5	2	released	4	12	VERB	VBD	Mood=Ind|Tense=Past|VerbForm=Fin
405820	3419ae5a-4ba8-4382-9296-8c696b137dd5	3	her	13	16	PRON	PRP$	Gender=Fem|Number=Sing|Person=3|Poss=Yes|PronType=Prs
405820	3419ae5a-4ba8-4382-9296-8c696b137dd5	4	tax	17	20	NOUN	NN	Number=Sing
405820	3419ae5a-4ba8-4382-9296-8c696b137dd5	5	returns	21	28	NOUN	NNS	Number=Plur
405820	3419ae5a-4ba8-4382-9296-8c696b137dd5	6	for	29	32	ADP	IN	""
405820	3419ae5a-4ba8-4382-9296-8c696b137dd5	7	the	33	36	DET	DT	Definite=Def|PronType=Art
405820	3419ae5a-4ba8-4382-9296-8c696b137dd5	8	years	37	42	NOUN	NNS	Number=Plur
405820	3419ae5a-4ba8-4382-9296-8c696b137dd5	9	2007	43	47	NUM	CD	NumType=Card
405820	3419ae5a-4ba8-4382-9296-8c696b137dd5	10	through	48	55	ADP	IN	""
405820	3419ae5a-4ba8-4382-9296-8c696b137dd5	11	2018	56	60	NUM	CD	NumType=Card
405820	3419ae5a-4ba8-4382-9296-8c696b137dd5	12	,	60	61	PUNCT	,	""
405820	3419ae5a-4ba8-4382-9296-8c696b137dd5	13	offering	62	70	VERB	VBG	VerbForm=Ger
405820	3419ae5a-4ba8-4382-9296-8c696b137dd5	14	the	71	74	DET	DT	Definite=Def|PronType=Art
405820	3419ae5a-4ba8-4382-9296-8c696b137dd5	15	most	75	79	ADV	RBS	""
405820	3419ae5a-4ba8-4382-9296-8c696b137dd5	16	comprehensive	80	93	ADJ	JJ	Degree=Pos
405820	3419ae5a-4ba8-4382-9296-8c696b137dd5	17	look	94	98	NOUN	NN	Number=Sing
405820	3419ae5a-4ba8-4382-9296-8c696b137dd5	18	to	99	101	ADP	IN	""
405820	3419ae5a-4ba8-4382-9296-8c696b137dd5	19	date	102	106	NOUN	NN	Number=Sing
405820	3419ae5a-4ba8-4382-9296-8c696b137dd5	20	at	107	109	ADP	IN	""
405820	3419ae5a-4ba8-4382-9296-8c696b137dd5	21	the	110	113	DET	DT	Definite=Def|PronType=Art
405820	3419ae5a-4ba8-4382-9296-8c696b137dd5	22	finances	114	122	NOUN	NNS	Number=Plur
405820	3419ae5a-4ba8-4382-9296-8c696b137dd5	23	of	123	125	ADP	IN	""
405820	3419ae5a-4ba8-4382-9296-8c696b137dd5	24	a	126	127	DET	DT	Definite=Ind|PronType=Art
405820	3419ae5a-4ba8-4382-9296-8c696b137dd5	25	2020	128	132	NUM	CD	NumType=Card
405820	3419ae5a-4ba8-4382-9296-8c696b137dd5	26	White	133	138	PROPN	NNP	Number=Sing
405820	3419ae5a-4ba8-4382-9296-8c696b137dd5	27	House	139	144	PROPN	NNP	Number=Sing
405820	3419ae5a-4ba8-4382-9296-8c696b137dd5	28	candidate	145	154	NOUN	NN	Number=Sing
405820	3419ae5a-4ba8-4382-9296-8c696b137dd5	29	,	154	155	PUNCT	,	""
405820	3419ae5a-4ba8-4382-9296-8c696b137dd5	30	and	156	159	CCONJ	CC	""
405820	3419ae5a-4ba8-4382-9296-8c696b137dd5	31	has	160	163	AUX	VBZ	Mood=Ind|Number=Sing|Person=3|Tense=Pres|VerbForm=Fin
405820	3419ae5a-4ba8-4382-9296-8c696b137dd5	32	called	164	170	VERB	VBN	Tense=Past|VerbForm=Part
405820	3419ae5a-4ba8-4382-9296-8c696b137dd5	33	on	171	173	ADP	IN	""
405820	3419ae5a-4ba8-4382-9296-8c696b137dd5	34	her	174	177	PRON	PRP$	Gender=Fem|Number=Sing|Person=3|Poss=Yes|PronType=Prs
405820	3419ae5a-4ba8-4382-9296-8c696b137dd5	35	rivals	178	184	NOUN	NNS	Number=Plur
405820	3419ae5a-4ba8-4382-9296-8c696b137dd5	36	to	185	187	PART	TO	""
405820	3419ae5a-4ba8-4382-9296-8c696b137dd5	37	do	188	190	VERB	VB	VerbForm=Inf
405820	3419ae5a-4ba8-4382-9296-8c696b137dd5	38	the	191	194	DET	DT	Definite=Def|PronType=Art
405820	3419ae5a-4ba8-4382-9296-8c696b137dd5	39	same	195	199	ADJ	JJ	Degree=Pos
405820	3419ae5a-4ba8-4382-9296-8c696b137dd5	40	.	199	200	PUNCT	.	""
405820	67a5c109-7704-4200-a722-badcff394a5c	1	JOHN	-1	3	PROPN	NNP	Number=Sing
405820	67a5c109-7704-4200-a722-badcff394a5c	2	HICKENLOOPER	4	16	PROPN	NNP	Number=Sing
405820	be51adb7-743a-4e82-b49c-89e34695f2ac	1	The	-1	2	DET	DT	Definite=Def|PronType=Art
405820	be51adb7-743a-4e82-b49c-89e34695f2ac	2	67	3	5	NUM	CD	NumType=Card
405820	be51adb7-743a-4e82-b49c-89e34695f2ac	3	-	5	6	PUNCT	HYPH	""
405820	be51adb7-743a-4e82-b49c-89e34695f2ac	4	year	6	10	NOUN	NN	Number=Sing
405820	be51adb7-743a-4e82-b49c-89e34695f2ac	5	-	10	11	PUNCT	HYPH	""
405820	be51adb7-743a-4e82-b49c-89e34695f2ac	6	old	11	14	ADJ	JJ	Degree=Pos
405820	be51adb7-743a-4e82-b49c-89e34695f2ac	7	former	15	21	ADJ	JJ	Degree=Pos
405820	be51adb7-743a-4e82-b49c-89e34695f2ac	8	Colorado	22	30	PROPN	NNP	Number=Sing
405820	be51adb7-743a-4e82-b49c-89e34695f2ac	9	governor	31	39	PROPN	NNP	Number=Sing
405820	be51adb7-743a-4e82-b49c-89e34695f2ac	10	has	40	43	AUX	VBZ	Mood=Ind|Number=Sing|Person=3|Tense=Pres|VerbForm=Fin
405820	be51adb7-743a-4e82-b49c-89e34695f2ac	11	positioned	44	54	VERB	VBN	Tense=Past|VerbForm=Part
405820	be51adb7-743a-4e82-b49c-89e34695f2ac	12	himself	55	62	PRON	PRP	Case=Acc|Gender=Masc|Number=Sing|Person=3|PronType=Prs|Reflex=Yes
405820	be51adb7-743a-4e82-b49c-89e34695f2ac	13	as	63	65	ADP	IN	""
405820	be51adb7-743a-4e82-b49c-89e34695f2ac	14	a	66	67	DET	DT	Definite=Ind|PronType=Art
405820	be51adb7-743a-4e82-b49c-89e34695f2ac	15	centrist	68	76	NOUN	NN	Number=Sing
405820	be51adb7-743a-4e82-b49c-89e34695f2ac	16	and	77	80	CCONJ	CC	""
405820	be51adb7-743a-4e82-b49c-89e34695f2ac	17	an	81	83	DET	DT	Definite=Ind|PronType=Art
405820	be51adb7-743a-4e82-b49c-89e34695f2ac	18	experienced	84	95	ADJ	JJ	Degree=Pos
405820	be51adb7-743a-4e82-b49c-89e34695f2ac	19	officeholder	96	108	NOUN	NN	Number=Sing
405820	be51adb7-743a-4e82-b49c-89e34695f2ac	20	with	109	113	ADP	IN	""
405820	be51adb7-743a-4e82-b49c-89e34695f2ac	21	business	114	122	NOUN	NN	Number=Sing
405820	be51adb7-743a-4e82-b49c-89e34695f2ac	22	experience	123	133	NOUN	NN	Number=Sing
405820	be51adb7-743a-4e82-b49c-89e34695f2ac	23	.	133	134	PUNCT	.	""
405820	b7a17d82-bd2a-4cc9-9c91-d8f5d30903c9	1	He	0	2	PRON	PRP	Case=Nom|Gender=Masc|Number=Sing|Person=3|PronType=Prs
405820	b7a17d82-bd2a-4cc9-9c91-d8f5d30903c9	2	is	3	5	AUX	VBZ	Mood=Ind|Number=Sing|Person=3|Tense=Pres|VerbForm=Fin
405820	b7a17d82-bd2a-4cc9-9c91-d8f5d30903c9	3	the	6	9	DET	DT	Definite=Def|PronType=Art
405820	b7a17d82-bd2a-4cc9-9c91-d8f5d30903c9	4	only	10	14	ADJ	JJ	Degree=Pos
405820	b7a17d82-bd2a-4cc9-9c91-d8f5d30903c9	5	Democratic	15	25	ADJ	JJ	Degree=Pos
405820	b7a17d82-bd2a-4cc9-9c91-d8f5d30903c9	6	presidential	26	38	ADJ	JJ	Degree=Pos
405820	b7a17d82-bd2a-4cc9-9c91-d8f5d30903c9	7	candidate	39	48	NOUN	NN	Number=Sing
405820	b7a17d82-bd2a-4cc9-9c91-d8f5d30903c9	8	so	49	51	ADV	RB	""
405820	b7a17d82-bd2a-4cc9-9c91-d8f5d30903c9	9	far	52	55	ADV	RB	Degree=Pos
405820	b7a17d82-bd2a-4cc9-9c91-d8f5d30903c9	10	to	56	58	PART	TO	""
405820	b7a17d82-bd2a-4cc9-9c91-d8f5d30903c9	11	oppose	59	65	VERB	VB	VerbForm=Inf
405820	b7a17d82-bd2a-4cc9-9c91-d8f5d30903c9	12	the	66	69	DET	DT	Definite=Def|PronType=Art
405820	b7a17d82-bd2a-4cc9-9c91-d8f5d30903c9	13	Green	70	75	PROPN	NNP	Number=Sing
405820	b7a17d82-bd2a-4cc9-9c91-d8f5d30903c9	14	New	76	79	PROPN	NNP	Number=Sing
405820	b7a17d82-bd2a-4cc9-9c91-d8f5d30903c9	15	Deal	80	84	PROPN	NNP	Number=Sing
405820	b7a17d82-bd2a-4cc9-9c91-d8f5d30903c9	16	plan	85	89	NOUN	NN	Number=Sing
405820	b7a17d82-bd2a-4cc9-9c91-d8f5d30903c9	17	to	90	92	PART	TO	""
405820	b7a17d82-bd2a-4cc9-9c91-d8f5d30903c9	18	tackle	93	99	VERB	VB	VerbForm=Inf
405820	b7a17d82-bd2a-4cc9-9c91-d8f5d30903c9	19	climate	100	107	NOUN	NN	Number=Sing
405820	b7a17d82-bd2a-4cc9-9c91-d8f5d30903c9	20	change	108	114	NOUN	NN	Number=Sing
405820	b7a17d82-bd2a-4cc9-9c91-d8f5d30903c9	21	,	114	115	PUNCT	,	""
405820	b7a17d82-bd2a-4cc9-9c91-d8f5d30903c9	22	saying	116	122	VERB	VBG	VerbForm=Ger
405820	b7a17d82-bd2a-4cc9-9c91-d8f5d30903c9	23	it	123	125	PRON	PRP	Case=Nom|Gender=Neut|Number=Sing|Person=3|PronType=Prs
405820	b7a17d82-bd2a-4cc9-9c91-d8f5d30903c9	24	would	126	131	AUX	MD	VerbForm=Fin
405820	b7a17d82-bd2a-4cc9-9c91-d8f5d30903c9	25	give	132	136	VERB	VB	VerbForm=Inf
405820	b7a17d82-bd2a-4cc9-9c91-d8f5d30903c9	26	the	137	140	DET	DT	Definite=Def|PronType=Art
405820	b7a17d82-bd2a-4cc9-9c91-d8f5d30903c9	27	government	141	151	NOUN	NN	Number=Sing
405820	b7a17d82-bd2a-4cc9-9c91-d8f5d30903c9	28	too	152	155	ADV	RB	""
405820	b7a17d82-bd2a-4cc9-9c91-d8f5d30903c9	29	much	156	160	ADJ	JJ	Degree=Pos
405820	b7a17d82-bd2a-4cc9-9c91-d8f5d30903c9	30	power	161	166	NOUN	NN	Number=Sing
405820	b7a17d82-bd2a-4cc9-9c91-d8f5d30903c9	31	in	167	169	ADP	IN	""
405820	b7a17d82-bd2a-4cc9-9c91-d8f5d30903c9	32	investment	170	180	NOUN	NN	Number=Sing
405820	b7a17d82-bd2a-4cc9-9c91-d8f5d30903c9	33	decisions	181	190	NOUN	NNS	Number=Plur
405820	b7a17d82-bd2a-4cc9-9c91-d8f5d30903c9	34	.	190	191	PUNCT	.	""
405820	588ee824-1fe3-44f1-a9ec-25e01759169c	1	During	0	6	ADP	IN	""
405820	588ee824-1fe3-44f1-a9ec-25e01759169c	2	his	7	10	PRON	PRP$	Gender=Masc|Number=Sing|Person=3|Poss=Yes|PronType=Prs
405820	588ee824-1fe3-44f1-a9ec-25e01759169c	3	two	11	14	NUM	CD	NumType=Card
405820	588ee824-1fe3-44f1-a9ec-25e01759169c	4	terms	15	20	NOUN	NNS	Number=Plur
405820	588ee824-1fe3-44f1-a9ec-25e01759169c	5	in	21	23	ADP	IN	""
405820	588ee824-1fe3-44f1-a9ec-25e01759169c	6	office	24	30	NOUN	NN	Number=Sing
405820	588ee824-1fe3-44f1-a9ec-25e01759169c	7	,	30	31	PUNCT	,	""
405820	588ee824-1fe3-44f1-a9ec-25e01759169c	8	Colorado	32	40	PROPN	NNP	Number=Sing
405820	588ee824-1fe3-44f1-a9ec-25e01759169c	9	’s	40	42	PART	POS	""
405820	588ee824-1fe3-44f1-a9ec-25e01759169c	10	economy	43	50	NOUN	NN	Number=Sing
405820	588ee824-1fe3-44f1-a9ec-25e01759169c	11	soared	51	57	VERB	VBD	Mood=Ind|Tense=Past|VerbForm=Fin
405820	588ee824-1fe3-44f1-a9ec-25e01759169c	12	and	58	61	CCONJ	CC	""
405820	588ee824-1fe3-44f1-a9ec-25e01759169c	13	the	62	65	DET	DT	Definite=Def|PronType=Art
405820	588ee824-1fe3-44f1-a9ec-25e01759169c	14	Western	66	73	ADJ	JJ	Degree=Pos
405820	588ee824-1fe3-44f1-a9ec-25e01759169c	15	state	74	79	NOUN	NN	Number=Sing
405820	588ee824-1fe3-44f1-a9ec-25e01759169c	16	expanded	80	88	VERB	VBN	Tense=Past|VerbForm=Part
405820	588ee824-1fe3-44f1-a9ec-25e01759169c	17	healthcare	89	99	NOUN	NN	Number=Sing
405820	588ee824-1fe3-44f1-a9ec-25e01759169c	18	,	99	100	PUNCT	,	""
405820	588ee824-1fe3-44f1-a9ec-25e01759169c	19	passed	101	107	VERB	VBD	Mood=Ind|Tense=Past|VerbForm=Fin
405820	588ee824-1fe3-44f1-a9ec-25e01759169c	20	a	108	109	DET	DT	Definite=Ind|PronType=Art
405820	588ee824-1fe3-44f1-a9ec-25e01759169c	21	gun	110	113	NOUN	NN	Number=Sing
405820	588ee824-1fe3-44f1-a9ec-25e01759169c	22	control	114	121	NOUN	NN	Number=Sing
